-- phpMyAdmin SQL Dump
-- version 4.8.3
-- https://www.phpmyadmin.net/
--
-- Host: 127.0.0.1
-- Generation Time: Nov 11, 2020 at 11:11 PM
-- Server version: 10.1.37-MariaDB
-- PHP Version: 7.2.12

SET SQL_MODE = "NO_AUTO_VALUE_ON_ZERO";
SET AUTOCOMMIT = 0;
START TRANSACTION;
SET time_zone = "+00:00";


/*!40101 SET @OLD_CHARACTER_SET_CLIENT=@@CHARACTER_SET_CLIENT */;
/*!40101 SET @OLD_CHARACTER_SET_RESULTS=@@CHARACTER_SET_RESULTS */;
/*!40101 SET @OLD_COLLATION_CONNECTION=@@COLLATION_CONNECTION */;
/*!40101 SET NAMES utf8mb4 */;

--
-- Database: `towerpos`
--

-- --------------------------------------------------------

--
-- Table structure for table `accounts`
--

CREATE TABLE `accounts` (
  `id` bigint(20) UNSIGNED NOT NULL,
  `name` varchar(191) COLLATE utf8mb4_unicode_ci NOT NULL,
  `type` varchar(191) COLLATE utf8mb4_unicode_ci NOT NULL,
  `selectable` int(11) NOT NULL DEFAULT '0',
  `initial_balance` int(11) NOT NULL DEFAULT '0',
  `account_no` int(11) NOT NULL DEFAULT '0',
  `created_at` timestamp NULL DEFAULT NULL,
  `updated_at` timestamp NULL DEFAULT NULL
) ENGINE=InnoDB DEFAULT CHARSET=utf8mb4 COLLATE=utf8mb4_unicode_ci;

--
-- Dumping data for table `accounts`
--

INSERT INTO `accounts` (`id`, `name`, `type`, `selectable`, `initial_balance`, `account_no`, `created_at`, `updated_at`) VALUES
(1, 'الخزنه', '', 1, 0, 0, NULL, NULL),
(2, 'البنك', '', 2, 0, 0, NULL, NULL),
(3, 'اجل', '', 3, 0, 0, NULL, NULL),
(4, 'الموردين', '', 0, 0, 0, NULL, NULL),
(5, 'العملاء', '', 0, 0, 0, NULL, NULL);

-- --------------------------------------------------------

--
-- Table structure for table `categories`
--

CREATE TABLE `categories` (
  `id` bigint(20) UNSIGNED NOT NULL,
  `name` varchar(191) COLLATE utf8mb4_unicode_ci NOT NULL,
  `sub_id` int(11) NOT NULL DEFAULT '0',
  `created_at` timestamp NULL DEFAULT NULL,
  `updated_at` timestamp NULL DEFAULT NULL
) ENGINE=InnoDB DEFAULT CHARSET=utf8mb4 COLLATE=utf8mb4_unicode_ci;

--
-- Dumping data for table `categories`
--

INSERT INTO `categories` (`id`, `name`, `sub_id`, `created_at`, `updated_at`) VALUES
(1, 'المنتجات الاوليه', 0, NULL, NULL),
(2, 'الماكولات', 1, '2020-09-28 06:09:41', '2020-09-28 06:09:41'),
(3, 'ملابس', 0, '2020-09-28 07:04:46', '2020-09-28 07:04:46'),
(4, 'التصنيف الجديد', 0, '2020-09-28 07:08:57', '2020-09-28 07:08:57'),
(5, 'التنصيف الاجد', 0, '2020-09-28 07:10:30', '2020-09-28 07:10:30'),
(6, 'متجر خمرى', 3, '2020-09-28 07:12:34', '2020-09-28 07:12:34');

-- --------------------------------------------------------

--
-- Table structure for table `customers`
--

CREATE TABLE `customers` (
  `id` bigint(20) UNSIGNED NOT NULL,
  `name` varchar(191) COLLATE utf8mb4_unicode_ci NOT NULL,
  `phone` varchar(191) COLLATE utf8mb4_unicode_ci NOT NULL,
  `address` varchar(191) COLLATE utf8mb4_unicode_ci NOT NULL,
  `status` tinyint(1) NOT NULL DEFAULT '1',
  `balance` int(11) NOT NULL DEFAULT '0',
  `created_at` timestamp NULL DEFAULT NULL,
  `updated_at` timestamp NULL DEFAULT NULL
) ENGINE=InnoDB DEFAULT CHARSET=utf8mb4 COLLATE=utf8mb4_unicode_ci;

--
-- Dumping data for table `customers`
--

INSERT INTO `customers` (`id`, `name`, `phone`, `address`, `status`, `balance`, `created_at`, `updated_at`) VALUES
(1, 'السر على اراهيم', '0915903708', 'جبره', 1, 0, '2020-10-08 17:14:08', '2020-10-21 15:27:44'),
(2, 'محمد احمد محمد احمد', '123456', 'لايوجد عنوان', 1, 1120, '2020-10-09 07:11:37', '2020-10-28 07:00:19'),
(3, 'محمد احمد محمد احمد', '123456', 'لايوجد عنوان', 1, 10545, '2020-10-09 07:12:23', '2020-10-30 12:37:19'),
(4, 'عرض اختبار', '2455588', 'العنوان الصح', 1, 0, '2020-10-09 07:29:09', '2020-10-09 07:29:09'),
(5, 'عبدالرحمن على بن محمد', '249915903708', 'khartoum rayad', 1, 0, '2020-11-07 06:15:28', '2020-11-07 06:15:28');

-- --------------------------------------------------------

--
-- Table structure for table `failed_jobs`
--

CREATE TABLE `failed_jobs` (
  `id` bigint(20) UNSIGNED NOT NULL,
  `connection` text COLLATE utf8mb4_unicode_ci NOT NULL,
  `queue` text COLLATE utf8mb4_unicode_ci NOT NULL,
  `payload` longtext COLLATE utf8mb4_unicode_ci NOT NULL,
  `exception` longtext COLLATE utf8mb4_unicode_ci NOT NULL,
  `failed_at` timestamp NOT NULL DEFAULT CURRENT_TIMESTAMP
) ENGINE=InnoDB DEFAULT CHARSET=utf8mb4 COLLATE=utf8mb4_unicode_ci;

-- --------------------------------------------------------

--
-- Table structure for table `migrations`
--

CREATE TABLE `migrations` (
  `id` int(10) UNSIGNED NOT NULL,
  `migration` varchar(191) COLLATE utf8mb4_unicode_ci NOT NULL,
  `batch` int(11) NOT NULL
) ENGINE=InnoDB DEFAULT CHARSET=utf8mb4 COLLATE=utf8mb4_unicode_ci;

--
-- Dumping data for table `migrations`
--

INSERT INTO `migrations` (`id`, `migration`, `batch`) VALUES
(1, '2014_10_12_000000_create_users_table', 1),
(2, '2014_10_12_100000_create_password_resets_table', 1),
(3, '2019_08_19_000000_create_failed_jobs_table', 1),
(4, '2020_09_27_123937_create_products_table', 2),
(5, '2020_09_27_124253_create_stocks_table', 2),
(6, '2020_09_27_124818_create_customers_table', 3),
(7, '2020_09_27_172608_create_categories_table', 4),
(8, '2020_09_29_124944_create_purchase_invoice_h_table', 5),
(9, '2020_09_29_130314_create_purchase_invoice_d_table', 5),
(10, '2020_09_29_140745_create_suppliers_table', 5),
(11, '2020_09_29_141941_create_sales_invoice_h_table', 6),
(12, '2020_09_29_143625_create_sales_invoice_d_table', 6),
(13, '2020_10_05_130822_create_accounts_table', 6),
(14, '2020_10_05_134717_create_transactions_table', 6);

-- --------------------------------------------------------

--
-- Table structure for table `password_resets`
--

CREATE TABLE `password_resets` (
  `email` varchar(191) COLLATE utf8mb4_unicode_ci NOT NULL,
  `token` varchar(191) COLLATE utf8mb4_unicode_ci NOT NULL,
  `created_at` timestamp NULL DEFAULT NULL
) ENGINE=InnoDB DEFAULT CHARSET=utf8mb4 COLLATE=utf8mb4_unicode_ci;

-- --------------------------------------------------------

--
-- Table structure for table `payment_methods`
--

CREATE TABLE `payment_methods` (
  `id` int(11) NOT NULL,
  `name` varchar(250) NOT NULL,
  `status` int(11) NOT NULL DEFAULT '1',
  `created_at` timestamp NOT NULL DEFAULT CURRENT_TIMESTAMP ON UPDATE CURRENT_TIMESTAMP,
  `updated_at` timestamp NOT NULL DEFAULT CURRENT_TIMESTAMP ON UPDATE CURRENT_TIMESTAMP
) ENGINE=InnoDB DEFAULT CHARSET=utf8;

--
-- Dumping data for table `payment_methods`
--

INSERT INTO `payment_methods` (`id`, `name`, `status`, `created_at`, `updated_at`) VALUES
(1, 'كاش', 1, '2020-10-23 23:34:26', '2020-10-23 21:34:26'),
(2, 'شبكه', 1, '2020-10-23 23:30:16', '2020-10-23 21:30:16'),
(3, 'اجل', 1, '2020-10-23 22:06:23', '2020-10-23 22:06:23'),
(4, 'حساب بنك الراجحي', 1, '2020-11-01 13:44:47', '2020-11-01 13:44:47');

-- --------------------------------------------------------

--
-- Table structure for table `products`
--

CREATE TABLE `products` (
  `id` bigint(20) UNSIGNED NOT NULL,
  `name` varchar(191) COLLATE utf8mb4_unicode_ci NOT NULL,
  `image` varchar(191) COLLATE utf8mb4_unicode_ci NOT NULL DEFAULT 'product.jpg',
  `category_id` varchar(191) COLLATE utf8mb4_unicode_ci NOT NULL,
  `status` tinyint(1) NOT NULL DEFAULT '1',
  `purchase_price` varchar(100) COLLATE utf8mb4_unicode_ci DEFAULT '0',
  `sale_price` varchar(100) COLLATE utf8mb4_unicode_ci NOT NULL DEFAULT '0',
  `stock_id` int(11) NOT NULL DEFAULT '0',
  `qyt` int(11) DEFAULT '0',
  `barcode` varchar(255) COLLATE utf8mb4_unicode_ci NOT NULL DEFAULT '0',
  `vat` int(11) DEFAULT NULL,
  `unit_id` int(11) NOT NULL DEFAULT '1',
  `ratio` int(11) DEFAULT '0',
  `created_at` timestamp NULL DEFAULT NULL,
  `updated_at` timestamp NULL DEFAULT NULL
) ENGINE=InnoDB DEFAULT CHARSET=utf8mb4 COLLATE=utf8mb4_unicode_ci;

--
-- Dumping data for table `products`
--

INSERT INTO `products` (`id`, `name`, `image`, `category_id`, `status`, `purchase_price`, `sale_price`, `stock_id`, `qyt`, `barcode`, `vat`, `unit_id`, `ratio`, `created_at`, `updated_at`) VALUES
(1, 'ذبادي', 'product.jpg', '1', 0, '700', '1000', 1, 82, '10', 0, 1, 7, '2020-09-26 22:00:00', '2020-11-11 20:10:35'),
(2, 'منقه بالشطه', 'product.jpg', '1', 0, '150', '200', 1, 89, '20', 1, 1, 0, '2020-09-27 16:00:00', '2020-11-11 19:36:37'),
(3, 'فستان', 'product.jpg', '1', 0, '100', '120', 1, 11, '30', 20, 1, 0, '2020-09-27 16:00:47', '2020-11-11 19:36:37'),
(4, 'بسكويت', 'product.jpg', '1', 0, '0', '120', 1, -33, '40', 17, 1, 0, '2020-09-27 16:19:10', '2020-11-11 18:08:36'),
(5, 'جبنه', 'product.jpg', '2', 1, '1000', '1200', 1, 117, '50', 15, 1, 0, '2020-10-21 20:56:40', '2020-11-11 18:08:37'),
(6, 'جالكسى', 'product.jpg', '2', 1, '90', '100', 1, 150, '6294001821670', 15, 1, 0, '2020-10-29 07:48:19', '2020-10-29 07:48:19'),
(7, 'المنتج العالمي', 'product.jpg', '1', 1, '5.53', '3.5', 1, -19, '60', 15, 1, 0, '2020-10-29 08:06:55', '2020-11-04 07:44:05'),
(8, 'توب زهرى', 'product.jpg', '1', 1, '500', '520', 1, -19, '70', 15, 1, 0, '2020-10-29 08:06:55', '2020-11-04 07:44:05'),
(9, 'عطر ثلجى', 'product.jpg', '1', 1, '550', '600', 1, -19, '80', 15, 1, 0, '2020-10-29 08:06:55', '2020-11-04 07:44:05'),
(10, 'لوحه مفاتيح عنصريه', 'product.jpg', '1', 1, '600', '650', 1, -19, '90', 15, 1, 0, '2020-10-29 08:06:55', '2020-11-04 07:44:05');

-- --------------------------------------------------------

--
-- Table structure for table `purchase_invoice_d`
--

CREATE TABLE `purchase_invoice_d` (
  `id` bigint(20) UNSIGNED NOT NULL,
  `product_id` int(11) NOT NULL,
  `qyt` varchar(191) COLLATE utf8mb4_unicode_ci NOT NULL,
  `sub_total` varchar(100) COLLATE utf8mb4_unicode_ci NOT NULL,
  `price` varchar(191) COLLATE utf8mb4_unicode_ci NOT NULL,
  `invoice_id` int(11) NOT NULL,
  `current_qyt` int(11) NOT NULL DEFAULT '0',
  `created_at` timestamp NULL DEFAULT NULL,
  `updated_at` timestamp NULL DEFAULT NULL
) ENGINE=InnoDB DEFAULT CHARSET=utf8mb4 COLLATE=utf8mb4_unicode_ci;

--
-- Dumping data for table `purchase_invoice_d`
--

INSERT INTO `purchase_invoice_d` (`id`, `product_id`, `qyt`, `sub_total`, `price`, `invoice_id`, `current_qyt`, `created_at`, `updated_at`) VALUES
(1, 1, '20', '1000.00', '50', 1, 0, '2020-09-28 22:00:00', '2020-09-28 22:00:00'),
(2, 2, '4850', '15422.00', '5452', 1, 0, '2020-09-28 22:00:00', '2020-09-28 22:00:00'),
(3, 1, '1', '1000.00', '1000', 25, 0, '2020-10-07 21:34:36', '2020-10-07 21:34:36'),
(4, 1, '2', '2000.00', '1000', 26, 0, '2020-10-07 21:35:43', '2020-10-07 21:35:43'),
(5, 2, '2', '240.00', '120', 26, 0, '2020-10-07 21:35:43', '2020-10-07 21:35:43'),
(6, 3, '1', '120.00', '120', 26, 0, '2020-10-07 21:35:43', '2020-10-07 21:35:43'),
(7, 4, '1', '120.00', '120', 26, 0, '2020-10-07 21:35:43', '2020-10-07 21:35:43'),
(8, 1, '1', '1000.00', '1000', 27, 0, '2020-10-07 21:46:26', '2020-10-07 21:46:26'),
(9, 2, '3', '360.00', '120', 27, 0, '2020-10-07 21:46:26', '2020-10-07 21:46:26'),
(10, 1, '2', '2000.00', '1000', 28, 0, '2020-10-07 21:47:28', '2020-10-07 21:47:28'),
(11, 2, '10', '1200.00', '120', 28, 0, '2020-10-07 21:47:28', '2020-10-07 21:47:28'),
(12, 1, '2', '2000.00', '1000', 29, 0, '2020-10-07 21:48:27', '2020-10-07 21:48:27'),
(13, 2, '10', '1200.00', '120', 29, 0, '2020-10-07 21:48:27', '2020-10-07 21:48:27'),
(14, 1, '1', '1000.00', '1000', 30, 0, '2020-10-07 22:08:45', '2020-10-07 22:08:45'),
(15, 2, '1', '120.00', '120', 30, 0, '2020-10-07 22:08:45', '2020-10-07 22:08:45'),
(16, 3, '1', '120.00', '120', 30, 0, '2020-10-07 22:08:45', '2020-10-07 22:08:45'),
(17, 1, '1', '1000.00', '1000', 31, 0, '2020-10-07 22:09:05', '2020-10-07 22:09:05'),
(18, 2, '1', '120.00', '120', 31, 0, '2020-10-07 22:09:05', '2020-10-07 22:09:05'),
(19, 3, '1', '120.00', '120', 31, 0, '2020-10-07 22:09:05', '2020-10-07 22:09:05'),
(20, 1, '1', '1000.00', '1000', 32, 0, '2020-10-07 22:09:16', '2020-10-07 22:09:16'),
(21, 2, '1', '120.00', '120', 32, 0, '2020-10-07 22:09:16', '2020-10-07 22:09:16'),
(22, 3, '1', '120.00', '120', 32, 0, '2020-10-07 22:09:16', '2020-10-07 22:09:16'),
(23, 1, '1', '1000.00', '1000', 33, 0, '2020-10-07 22:30:41', '2020-10-07 22:30:41'),
(24, 2, '1', '120.00', '120', 33, 0, '2020-10-07 22:30:41', '2020-10-07 22:30:41'),
(25, 1, '1', '1000.00', '1000', 34, 0, '2020-10-07 22:31:29', '2020-10-07 22:31:29'),
(26, 2, '1', '120.00', '120', 34, 0, '2020-10-07 22:31:30', '2020-10-07 22:31:30'),
(27, 1, '1', '1000.00', '1000', 35, 0, '2020-10-07 22:32:12', '2020-10-07 22:32:12'),
(28, 2, '1', '120.00', '120', 35, 0, '2020-10-07 22:32:12', '2020-10-07 22:32:12'),
(29, 1, '1', '1000.00', '1000', 36, 0, '2020-10-07 22:33:49', '2020-10-07 22:33:49'),
(30, 2, '1', '120.00', '120', 36, 0, '2020-10-07 22:33:49', '2020-10-07 22:33:49'),
(31, 1, '1', '1000.00', '1000', 37, 0, '2020-10-07 22:34:32', '2020-10-07 22:34:32'),
(32, 2, '1', '120.00', '120', 37, 0, '2020-10-07 22:34:32', '2020-10-07 22:34:32'),
(33, 1, '1', '1000.00', '1000', 38, 0, '2020-10-07 22:37:49', '2020-10-07 22:37:49'),
(34, 2, '1', '120.00', '120', 38, 0, '2020-10-07 22:37:49', '2020-10-07 22:37:49'),
(35, 1, '1', '1000.00', '1000', 39, 0, '2020-10-07 22:39:15', '2020-10-07 22:39:15'),
(36, 2, '1', '120.00', '120', 39, 0, '2020-10-07 22:39:15', '2020-10-07 22:39:15'),
(37, 1, '2', '2000.00', '1000', 40, 0, '2020-10-08 05:12:43', '2020-10-08 05:12:43'),
(38, 2, '1', '120.00', '120', 40, 0, '2020-10-08 05:12:43', '2020-10-08 05:12:43'),
(39, 1, '1', '1000.00', '1000', 41, 0, '2020-10-08 18:20:52', '2020-10-08 18:20:52'),
(40, 1, '1', '1000.00', '1000', 42, 0, '2020-10-08 18:21:47', '2020-10-08 18:21:47'),
(41, 1, '2', '2000.00', '1000', 43, 0, '2020-10-21 09:05:49', '2020-10-21 09:05:49'),
(42, 2, '3', '360.00', '120', 43, 0, '2020-10-21 09:05:49', '2020-10-21 09:05:49'),
(43, 3, '2', '240.00', '120', 44, 0, '2020-10-21 09:17:06', '2020-10-21 09:17:06'),
(44, 2, '7', '840.00', '120', 44, 0, '2020-10-21 09:17:06', '2020-10-21 09:17:06'),
(45, 1, '1', '1000.00', '1000', 45, 0, '2020-10-22 19:28:51', '2020-10-22 19:28:51'),
(46, 3, '1', '120.00', '120', 45, 0, '2020-10-22 19:28:52', '2020-10-22 19:28:52'),
(47, 4, '1', '120.00', '120', 45, 0, '2020-10-22 19:28:52', '2020-10-22 19:28:52'),
(48, 1, '1', '1000.00', '1000', 46, 0, '2020-10-22 19:31:39', '2020-10-22 19:31:39'),
(49, 2, '1', '120.00', '120', 46, 0, '2020-10-22 19:31:39', '2020-10-22 19:31:39'),
(50, 3, '3', '360.00', '120', 46, 0, '2020-10-22 19:31:39', '2020-10-22 19:31:39'),
(51, 1, '26', '26000.00', '1000', 47, 26, '2020-10-22 19:34:46', '2020-10-22 19:34:46'),
(52, 2, '2', '240.00', '120', 47, 2, '2020-10-22 19:34:46', '2020-10-22 19:34:46'),
(53, 3, '1', '120.00', '120', 47, 1, '2020-10-22 19:34:46', '2020-10-22 19:34:46'),
(54, 2, '1', '120.00', '120', 48, 1, '2020-10-22 19:58:01', '2020-10-22 19:58:01'),
(55, 1, '1', '1000.00', '1000', 48, 1, '2020-10-22 19:58:01', '2020-10-22 19:58:01'),
(56, 1, '10', '10000.00', '1000', 49, 10, '2020-10-23 17:36:14', '2020-10-23 17:36:14'),
(57, 2, '9', '1080.00', '120', 49, 9, '2020-10-23 17:36:15', '2020-10-23 17:36:15'),
(58, 1, '1', '1000.00', '1000', 50, 1, '2020-10-28 08:35:51', '2020-10-28 08:35:51'),
(59, 3, '2', '240.00', '120', 50, 2, '2020-10-28 08:35:51', '2020-10-28 08:35:51'),
(60, 2, '1', '120.00', '120', 50, 1, '2020-10-28 08:35:51', '2020-10-28 08:35:51'),
(61, 1, '1', '1000.00', '1000', 51, 1, '2020-10-28 13:52:17', '2020-10-28 13:52:17'),
(62, 2, '1', '120.00', '120', 51, 1, '2020-10-28 13:52:17', '2020-10-28 13:52:17'),
(63, 3, '2', '240.00', '120', 51, 2, '2020-10-28 13:52:17', '2020-10-28 13:52:17'),
(64, 3, '10', '1200.00', '120', 52, 10, '2020-10-28 13:54:04', '2020-10-28 13:54:04'),
(65, 3, '7', '840.00', '120', 53, 7, '2020-10-28 13:57:42', '2020-10-28 13:57:42'),
(66, 3, '7', '840.00', '120', 54, 7, '2020-10-28 13:58:19', '2020-10-28 13:58:19'),
(67, 2, '6', '720.00', '120', 54, 6, '2020-10-28 13:58:19', '2020-10-28 13:58:19'),
(68, 3, '4', '480.00', '120', 55, 4, '2020-10-28 13:59:42', '2020-10-28 13:59:42'),
(69, 2, '4', '480.00', '120', 56, 4, '2020-10-28 14:01:26', '2020-10-28 14:01:26'),
(70, 2, '4', '480.00', '120', 57, 4, '2020-10-28 14:02:49', '2020-10-28 14:02:49'),
(71, 2, '4', '480.00', '120', 58, 4, '2020-10-28 14:02:59', '2020-10-28 14:02:59'),
(72, 2, '4', '480.00', '120', 59, 4, '2020-10-28 14:03:28', '2020-10-28 14:03:28'),
(73, 2, '4', '480.00', '120', 60, 4, '2020-10-28 14:03:39', '2020-10-28 14:03:39'),
(74, 2, '4', '480.00', '120', 61, 4, '2020-10-28 14:04:21', '2020-10-28 14:04:21'),
(75, 2, '4', '480.00', '120', 62, 4, '2020-10-28 14:04:32', '2020-10-28 14:04:32'),
(76, 2, '4', '480.00', '120', 63, 4, '2020-10-28 14:09:00', '2020-10-28 14:09:00'),
(77, 2, '4', '480.00', '120', 64, 4, '2020-10-28 14:09:44', '2020-10-28 14:09:44'),
(78, 2, '4', '480.00', '120', 65, 4, '2020-10-28 14:09:52', '2020-10-28 14:09:52'),
(79, 2, '5', '600.00', '120', 66, 5, '2020-10-28 14:10:11', '2020-10-28 14:10:11'),
(80, 5, '4', '4800.00', '1200', 66, 4, '2020-10-28 14:10:11', '2020-10-28 14:10:11'),
(81, 2, '5', '600.00', '120', 67, 5, '2020-10-28 14:10:36', '2020-10-28 14:10:36'),
(82, 5, '5', '6000.00', '1200', 67, 5, '2020-10-28 14:10:36', '2020-10-28 14:10:36'),
(83, 4, '3', '360.00', '120', 67, 3, '2020-10-28 14:10:37', '2020-10-28 14:10:37'),
(84, 2, '5', '600.00', '120', 68, 5, '2020-10-28 14:10:46', '2020-10-28 14:10:46'),
(85, 5, '5', '6000.00', '1200', 68, 5, '2020-10-28 14:10:46', '2020-10-28 14:10:46'),
(86, 4, '3', '360.00', '120', 68, 3, '2020-10-28 14:10:46', '2020-10-28 14:10:46'),
(87, 1, '26', '18200', '700', 69, 26, '2020-11-01 11:06:51', '2020-11-01 11:06:51'),
(88, 2, '12', '1800', '150', 69, 12, '2020-11-01 11:06:52', '2020-11-01 11:06:52'),
(89, 3, '11', '1100', '100', 69, 11, '2020-11-01 11:06:52', '2020-11-01 11:06:52'),
(90, 4, '16', '0', '0', 69, 16, '2020-11-01 11:06:52', '2020-11-01 11:06:52'),
(91, 5, '15', '15000', '1000', 69, 15, '2020-11-01 11:06:52', '2020-11-01 11:06:52'),
(92, 7, '12', '66.36', '5.53', 69, 12, '2020-11-01 11:06:52', '2020-11-01 11:06:52'),
(93, 1, '1', '700', '700', 71, 1, '2020-11-01 13:40:29', '2020-11-01 13:40:29'),
(94, 4, '1', '0', '0', 71, 1, '2020-11-01 13:40:29', '2020-11-01 13:40:29'),
(95, 5, '1', '1000', '1000', 71, 1, '2020-11-01 13:40:29', '2020-11-01 13:40:29'),
(96, 7, '1', '5.53', '5.53', 71, 1, '2020-11-01 13:40:29', '2020-11-01 13:40:29'),
(97, 2, '1', '150', '150', 71, 1, '2020-11-01 13:40:30', '2020-11-01 13:40:30'),
(98, 2, '1', '150', '150', 72, 1, '2020-11-04 08:39:45', '2020-11-04 08:39:45'),
(99, 2, '8', '1200', '150', 73, 8, '2020-11-10 11:19:21', '2020-11-10 11:19:21'),
(100, 3, '1', '100', '100', 73, 1, '2020-11-10 11:19:21', '2020-11-10 11:19:21'),
(101, 4, '1', '0', '0', 73, 1, '2020-11-10 11:19:21', '2020-11-10 11:19:21'),
(102, 9, '1', '550', '550', 73, 1, '2020-11-10 11:19:21', '2020-11-10 11:19:21'),
(103, 10, '1', '600', '600', 73, 1, '2020-11-10 11:19:21', '2020-11-10 11:19:21'),
(104, 8, '1', '500', '500', 73, 1, '2020-11-10 11:19:21', '2020-11-10 11:19:21'),
(105, 1, '1', '700', '700', 73, 1, '2020-11-10 11:19:21', '2020-11-10 11:19:21'),
(106, 2, '12', '1800', '150', 74, 12, '2020-11-10 11:27:23', '2020-11-10 11:27:23'),
(107, 5, '7', '7000', '1000', 74, 7, '2020-11-10 11:27:23', '2020-11-10 11:27:23'),
(108, 7, '10', '55.3', '5.53', 74, 10, '2020-11-10 11:27:23', '2020-11-10 11:27:23'),
(109, 2, '2', '300', '150', 75, 2, '2020-11-11 16:13:06', '2020-11-11 16:13:06'),
(110, 2, '2', '300', '150', 76, 2, '2020-11-11 16:13:57', '2020-11-11 16:13:57'),
(111, 3, '1', '100', '100', 76, 1, '2020-11-11 16:13:57', '2020-11-11 16:13:57'),
(112, 2, '1', '150', '150', 77, 1, '2020-11-11 16:15:48', '2020-11-11 16:15:48'),
(113, 3, '1', '100', '100', 77, 1, '2020-11-11 16:15:49', '2020-11-11 16:15:49'),
(114, 2, '1', '150', '150', 78, 1, '2020-11-11 16:15:59', '2020-11-11 16:15:59'),
(115, 3, '1', '100', '100', 78, 1, '2020-11-11 16:15:59', '2020-11-11 16:15:59'),
(116, 2, '1', '150', '150', 79, 1, '2020-11-11 16:16:57', '2020-11-11 16:16:57'),
(117, 3, '1', '100', '100', 79, 1, '2020-11-11 16:16:57', '2020-11-11 16:16:57'),
(118, 2, '1', '150', '150', 80, 1, '2020-11-11 16:17:15', '2020-11-11 16:17:15'),
(119, 3, '1', '100', '100', 80, 1, '2020-11-11 16:17:16', '2020-11-11 16:17:16'),
(120, 2, '1', '150', '150', 81, 1, '2020-11-11 16:17:38', '2020-11-11 16:17:38'),
(121, 3, '1', '100', '100', 81, 1, '2020-11-11 16:17:38', '2020-11-11 16:17:38'),
(122, 2, '1', '150', '150', 82, 1, '2020-11-11 16:18:13', '2020-11-11 16:18:13'),
(123, 3, '1', '100', '100', 82, 1, '2020-11-11 16:18:14', '2020-11-11 16:18:14'),
(124, 2, '1', '150', '150', 83, 1, '2020-11-11 16:19:15', '2020-11-11 16:19:15'),
(125, 3, '1', '100', '100', 83, 1, '2020-11-11 16:19:15', '2020-11-11 16:19:15'),
(126, 4, '1', '0', '0', 83, 1, '2020-11-11 16:19:15', '2020-11-11 16:19:15'),
(127, 2, '1', '150', '150', 84, 1, '2020-11-11 16:19:58', '2020-11-11 16:19:58'),
(128, 3, '1', '100', '100', 84, 1, '2020-11-11 16:19:59', '2020-11-11 16:19:59'),
(129, 4, '1', '0', '0', 84, 1, '2020-11-11 16:19:59', '2020-11-11 16:19:59'),
(130, 2, '1', '150', '150', 85, 1, '2020-11-11 16:20:20', '2020-11-11 16:20:20'),
(131, 3, '1', '100', '100', 85, 1, '2020-11-11 16:20:20', '2020-11-11 16:20:20'),
(132, 4, '1', '0', '0', 85, 1, '2020-11-11 16:20:20', '2020-11-11 16:20:20'),
(133, 2, '1', '150', '150', 86, 1, '2020-11-11 16:20:29', '2020-11-11 16:20:29'),
(134, 3, '1', '100', '100', 86, 1, '2020-11-11 16:20:29', '2020-11-11 16:20:29'),
(135, 4, '1', '0', '0', 86, 1, '2020-11-11 16:20:29', '2020-11-11 16:20:29'),
(136, 2, '1', '150', '150', 87, 1, '2020-11-11 16:22:01', '2020-11-11 16:22:01'),
(137, 1, '1', '700', '700', 90, 1, '2020-11-11 16:25:50', '2020-11-11 16:25:50'),
(138, 2, '1', '150', '150', 91, 1, '2020-11-11 16:27:16', '2020-11-11 16:27:16'),
(139, 2, '2', '300', '150', 92, 2, '2020-11-11 17:23:44', '2020-11-11 17:23:44'),
(140, 2, '200', '30000', '150', 93, 200, '2020-11-11 17:24:10', '2020-11-11 17:24:10'),
(141, 2, '200', '30000', '150', 94, 200, '2020-11-11 17:24:32', '2020-11-11 17:24:32'),
(142, 2, '200', '30000', '150', 95, 200, '2020-11-11 17:44:13', '2020-11-11 17:44:13'),
(143, 2, '200', '30000', '150', 96, 200, '2020-11-11 17:46:32', '2020-11-11 17:46:32'),
(144, 2, '200', '30000', '150', 97, 200, '2020-11-11 17:46:53', '2020-11-11 17:46:53'),
(145, 2, '500', '75000', '150', 98, 500, '2020-11-11 17:47:31', '2020-11-11 17:47:31'),
(146, 2, '1', '150', '150', 99, 1, '2020-11-11 18:08:36', '2020-11-11 18:08:36'),
(147, 3, '1', '100', '100', 99, 1, '2020-11-11 18:08:36', '2020-11-11 18:08:36'),
(148, 4, '1', '0', '0', 99, 1, '2020-11-11 18:08:36', '2020-11-11 18:08:36'),
(149, 5, '1', '1000', '1000', 99, 1, '2020-11-11 18:08:37', '2020-11-11 18:08:37');

-- --------------------------------------------------------

--
-- Table structure for table `purchase_invoice_h`
--

CREATE TABLE `purchase_invoice_h` (
  `id` bigint(20) UNSIGNED NOT NULL,
  `supplier_id` int(11) NOT NULL,
  `total` varchar(191) COLLATE utf8mb4_unicode_ci NOT NULL,
  `stock_id` int(11) NOT NULL,
  `payment_method_id` int(11) NOT NULL,
  `invoice_number` int(11) NOT NULL DEFAULT '0',
  `created_by` int(11) DEFAULT NULL,
  `vat_total` varchar(100) COLLATE utf8mb4_unicode_ci NOT NULL DEFAULT '0',
  `discount` decimal(10,2) NOT NULL,
  `invoice_type` varchar(10) COLLATE utf8mb4_unicode_ci DEFAULT 'invoice',
  `reference` int(11) DEFAULT '0',
  `created_at` timestamp NULL DEFAULT NULL,
  `updated_at` timestamp NULL DEFAULT NULL
) ENGINE=InnoDB DEFAULT CHARSET=utf8mb4 COLLATE=utf8mb4_unicode_ci;

--
-- Dumping data for table `purchase_invoice_h`
--

INSERT INTO `purchase_invoice_h` (`id`, `supplier_id`, `total`, `stock_id`, `payment_method_id`, `invoice_number`, `created_by`, `vat_total`, `discount`, `invoice_type`, `reference`, `created_at`, `updated_at`) VALUES
(1, 1, '450200', 1, 1, 0, 1, '0', '0.00', 'invoice', 0, '2020-09-28 22:00:00', '2020-09-28 22:00:00'),
(2, 1, '7240', 1, 1, 0, 1, '0', '0.00', 'invoice', 0, '2020-10-06 09:50:06', '2020-10-06 09:50:06'),
(3, 2, '7240', 1, 1, 0, 1, '0', '0.00', 'invoice', 0, '2020-10-06 09:50:14', '2020-10-06 09:50:14'),
(4, 2, '7240', 1, 1, 0, 1, '0', '0.00', 'invoice', 0, '2020-10-06 09:50:17', '2020-10-06 09:50:17'),
(5, 2, '19320', 1, 1, 0, 1, '0', '0.00', 'invoice', 0, '2020-10-06 10:16:05', '2020-10-06 10:16:05'),
(6, 2, '19320', 1, 1, 0, 1, '0', '0.00', 'invoice', 0, '2020-10-06 10:16:30', '2020-10-06 10:16:30'),
(7, 2, '1240', 1, 1, 0, 1, '0', '0.00', 'invoice', 0, '2020-10-07 21:13:01', '2020-10-07 21:13:01'),
(8, 2, '1240', 1, 1, 0, 1, '0', '0.00', 'invoice', 0, '2020-10-07 21:14:17', '2020-10-07 21:14:17'),
(9, 1, '1240', 2, 1, 0, 1, '0', '0.00', 'invoice', 0, '2020-10-07 21:22:01', '2020-10-07 21:22:01'),
(10, 1, '1240', 2, 1, 0, 1, '0', '0.00', 'invoice', 0, '2020-10-07 21:22:12', '2020-10-07 21:22:12'),
(11, 1, '1240', 2, 1, 0, 1, '0', '0.00', 'invoice', 0, '2020-10-07 21:22:33', '2020-10-07 21:22:33'),
(12, 1, '1240', 2, 1, 0, 1, '0', '0.00', 'invoice', 0, '2020-10-07 21:23:21', '2020-10-07 21:23:21'),
(13, 1, '1240', 2, 1, 0, 1, '0', '0.00', 'invoice', 0, '2020-10-07 21:23:37', '2020-10-07 21:23:37'),
(14, 1, '1240', 2, 1, 0, 1, '0', '0.00', 'invoice', 0, '2020-10-07 21:23:49', '2020-10-07 21:23:49'),
(15, 1, '1240', 2, 1, 0, 1, '0', '0.00', 'invoice', 0, '2020-10-07 21:27:33', '2020-10-07 21:27:33'),
(16, 1, '1240', 2, 1, 0, 1, '0', '0.00', 'invoice', 0, '2020-10-07 21:28:01', '2020-10-07 21:28:01'),
(17, 1, '1240', 2, 1, 0, 1, '0', '0.00', 'invoice', 0, '2020-10-07 21:28:24', '2020-10-07 21:28:24'),
(18, 1, '1240', 2, 1, 0, 1, '0', '0.00', 'invoice', 0, '2020-10-07 21:29:19', '2020-10-07 21:29:19'),
(19, 1, '1240', 2, 1, 0, 1, '0', '0.00', 'invoice', 0, '2020-10-07 21:30:39', '2020-10-07 21:30:39'),
(20, 1, '1240', 2, 1, 0, 1, '0', '0.00', 'invoice', 0, '2020-10-07 21:31:08', '2020-10-07 21:31:08'),
(21, 1, '1240', 2, 1, 0, 1, '0', '0.00', 'invoice', 0, '2020-10-07 21:31:33', '2020-10-07 21:31:33'),
(22, 2, '1000', 1, 1, 0, 1, '0', '0.00', 'invoice', 0, '2020-10-07 21:32:01', '2020-10-07 21:32:01'),
(23, 2, '1000', 1, 1, 0, 1, '0', '0.00', 'invoice', 0, '2020-10-07 21:33:54', '2020-10-07 21:33:54'),
(24, 2, '1000', 1, 1, 0, 1, '0', '0.00', 'invoice', 0, '2020-10-07 21:34:15', '2020-10-07 21:34:15'),
(25, 2, '1000', 1, 1, 0, 1, '0', '0.00', 'invoice', 0, '2020-10-07 21:34:36', '2020-10-07 21:34:36'),
(26, 2, '2480', 1, 1, 0, 1, '0', '0.00', 'invoice', 0, '2020-10-07 21:35:43', '2020-10-07 21:35:43'),
(27, 2, '1360', 1, 1, 0, 1, '0', '0.00', 'invoice', 0, '2020-10-07 21:46:26', '2020-10-07 21:46:26'),
(28, 1, '3200', 2, 1, 0, 1, '0', '0.00', 'invoice', 0, '2020-10-07 21:47:27', '2020-10-07 21:47:27'),
(29, 1, '3200', 2, 1, 0, 1, '0', '0.00', 'invoice', 0, '2020-10-07 21:48:27', '2020-10-07 21:48:27'),
(30, 2, '1240', 2, 2, 0, 1, '0', '0.00', 'invoice', 0, '2020-10-07 22:08:45', '2020-10-07 22:08:45'),
(31, 2, '1240', 2, 1, 0, 1, '0', '0.00', 'invoice', 0, '2020-10-07 22:09:05', '2020-10-07 22:09:05'),
(32, 2, '1240', 2, 1, 0, 1, '0', '0.00', 'invoice', 0, '2020-10-07 22:09:16', '2020-10-07 22:09:16'),
(33, 1, '1120', 1, 1, 0, 1, '0', '0.00', 'invoice', 0, '2020-10-07 22:30:41', '2020-10-07 22:30:41'),
(34, 1, '1120', 1, 2, 0, 1, '0', '0.00', 'invoice', 0, '2020-10-07 22:31:29', '2020-10-07 22:31:29'),
(35, 1, '1120', 1, 1, 0, 1, '0', '0.00', 'invoice', 0, '2020-10-07 22:32:12', '2020-10-07 22:32:12'),
(36, 1, '1120', 1, 1, 0, 1, '0', '0.00', 'invoice', 0, '2020-10-07 22:33:49', '2020-10-07 22:33:49'),
(37, 1, '1120', 1, 1, 0, 1, '0', '0.00', 'invoice', 0, '2020-10-07 22:34:32', '2020-10-07 22:34:32'),
(38, 1, '1120', 1, 1, 0, 1, '0', '0.00', 'invoice', 0, '2020-10-07 22:37:49', '2020-10-07 22:37:49'),
(39, 1, '1120', 1, 1, 0, 1, '0', '0.00', 'invoice', 0, '2020-10-07 22:39:15', '2020-10-07 22:39:15'),
(40, 2, '2120', 1, 1, 0, 1, '0', '0.00', 'invoice', 0, '2020-10-08 05:12:43', '2020-10-08 05:12:43'),
(41, 1, '1000', 1, 1, 0, 1, '0', '0.00', 'invoice', 0, '2020-10-08 18:20:52', '2020-10-08 18:20:52'),
(42, 1, '1000', 1, 1, 0, 1, '0', '0.00', 'invoice', 0, '2020-10-08 18:21:47', '2020-10-08 18:21:47'),
(43, 2, '2360', 1, 1, 0, 1, '0', '0.00', 'invoice', 0, '2020-10-21 09:05:49', '2020-10-21 09:05:49'),
(44, 2, '1080', 2, 2, 120, 1, '0', '0.00', 'invoice', 0, '2020-10-21 09:17:06', '2020-10-21 09:17:06'),
(45, 2, '1240', 2, 1, 12345, 1, '0', '0.00', 'invoice', 0, '2020-10-22 19:28:51', '2020-10-22 19:28:51'),
(46, 2, '1480', 1, 1, 1200, 1, '0', '0.00', 'invoice', 0, '2020-10-22 19:31:39', '2020-10-22 19:31:39'),
(47, 2, '26360', 1, 1, 123456, 1, '0', '0.00', 'invoice', 0, '2020-10-22 19:34:46', '2020-10-22 19:34:46'),
(48, 2, '1120', 1, 1, 0, 1, '0', '0.00', 'invoice', 0, '2020-10-22 19:58:01', '2020-10-22 19:58:01'),
(49, 2, '11080', 1, 3, 120322, 1, '0', '0.00', 'invoice', 0, '2020-10-23 17:36:14', '2020-10-23 17:36:14'),
(50, 1, '1360', 2, 1, 0, 1, '41', '0.00', 'invoice', 0, '2020-10-28 08:35:51', '2020-10-28 08:35:51'),
(51, 2, '1360', 1, 1, 0, 1, '41', '0.00', 'invoice', 0, '2020-10-28 13:52:17', '2020-10-28 13:52:17'),
(52, 1, '1200', 1, 1, 0, 1, '200', '0.00', 'invoice', 0, '2020-10-28 13:54:04', '2020-10-28 13:54:04'),
(53, 1, '1560', 1, 1, 0, 1, '0', '0.00', 'invoice', 0, '2020-10-28 13:57:42', '2020-10-28 13:57:42'),
(54, 1, '1560', 1, 1, 0, 1, '146', '0.00', 'invoice', 0, '2020-10-28 13:58:19', '2020-10-28 13:58:20'),
(55, 1, '480', 1, 1, 0, 1, '80', '0.00', 'invoice', 0, '2020-10-28 13:59:42', '2020-10-28 13:59:42'),
(56, 1, '480', 1, 1, 0, 1, '4', '0.00', 'invoice', 0, '2020-10-28 14:01:26', '2020-10-28 14:01:26'),
(57, 1, '480', 1, 1, 0, 1, '4', '0.00', 'invoice', 0, '2020-10-28 14:02:49', '2020-10-28 14:02:50'),
(58, 1, '480', 1, 1, 0, 1, '4', '0.00', 'invoice', 0, '2020-10-28 14:02:58', '2020-10-28 14:02:59'),
(59, 1, '480', 1, 1, 0, 1, '4', '0.00', 'invoice', 0, '2020-10-28 14:03:28', '2020-10-28 14:03:28'),
(60, 1, '480', 1, 1, 0, 1, '4', '0.00', 'invoice', 0, '2020-10-28 14:03:39', '2020-10-28 14:03:39'),
(61, 1, '480', 1, 1, 0, 1, '4', '0.00', 'invoice', 0, '2020-10-28 14:04:21', '2020-10-28 14:04:21'),
(62, 1, '480', 1, 1, 0, 1, '4', '0.00', 'invoice', 0, '2020-10-28 14:04:32', '2020-10-28 14:04:32'),
(63, 1, '480', 1, 1, 0, 1, '0', '0.00', 'invoice', 0, '2020-10-28 14:09:00', '2020-10-28 14:09:00'),
(64, 1, '480', 1, 1, 0, 1, '4', '0.00', 'invoice', 0, '2020-10-28 14:09:44', '2020-10-28 14:09:44'),
(65, 1, '480', 1, 1, 0, 1, '4', '0.00', 'invoice', 0, '2020-10-28 14:09:52', '2020-10-28 14:09:52'),
(66, 1, '5400', 1, 1, 0, 1, '65', '0.00', 'invoice', 0, '2020-10-28 14:10:11', '2020-10-28 14:10:11'),
(67, 1, '6960', 1, 1, 0, 1, '131', '0.00', 'invoice', 0, '2020-10-28 14:10:36', '2020-10-28 14:10:37'),
(68, 1, '6960', 1, 1, 0, 1, '131', '0.00', 'invoice', 0, '2020-10-28 14:10:46', '2020-10-28 14:10:46'),
(69, 2, '36166.36', 1, 2, 0, 1, '909', '0.00', 'invoice', 0, '2020-11-01 11:06:51', '2020-11-01 11:06:52'),
(70, 1, '0', 2, 1, 0, 1, '0', '0.00', 'invoice', 0, '2020-11-01 13:39:16', '2020-11-01 13:39:16'),
(71, 1, '1855.5299999999997', 2, 1, 45212, 1, '48', '0.00', 'invoice', 0, '2020-11-01 13:40:29', '2020-11-01 13:40:30'),
(72, 1, '150', 1, 1, 0, 1, '1', '5.00', 'invoice', 0, '2020-11-04 08:39:44', '2020-11-04 08:39:45'),
(73, 1, '3650', 1, 1, 1520, 1, '0', '365.00', 'invoice', 0, '2020-11-10 11:19:20', '2020-11-10 11:19:20'),
(74, 2, '8855.3', 2, 1, 0, 1, '1328.29', '0.00', 'invoice', 0, '2020-11-10 11:27:22', '2020-11-10 11:27:22'),
(75, 1, '300', 1, 1, 0, 1, '45.00', '0.00', 'invoice', NULL, '2020-11-11 16:13:06', '2020-11-11 16:13:06'),
(76, 4, '400', 2, 1, 0, 1, '60.00', '0.00', 'invoice', 0, '2020-11-11 16:13:56', '2020-11-11 16:13:56'),
(77, 2, '250', 2, 1, 0, 1, '37.50', '0.00', 'invoice', NULL, '2020-11-11 16:15:48', '2020-11-11 16:15:48'),
(78, 2, '250', 2, 1, 0, 1, '37.50', '0.00', 'invoice', 0, '2020-11-11 16:15:59', '2020-11-11 16:15:59'),
(79, 2, '250', 2, 1, 0, 1, '37.50', '0.00', 'invoice', NULL, '2020-11-11 16:16:57', '2020-11-11 16:16:57'),
(80, 2, '250', 2, 1, 0, 1, '37.50', '0.00', 'invoice', NULL, '2020-11-11 16:17:15', '2020-11-11 16:17:16'),
(81, 2, '250', 2, 1, 0, 1, '37.50', '0.00', 'invoice', 0, '2020-11-11 16:17:38', '2020-11-11 16:17:38'),
(82, 2, '250', 2, 1, 0, 1, '37.50', '0.00', 'invoice', 0, '2020-11-11 16:18:13', '2020-11-11 16:18:13'),
(83, 1, '250', 1, 1, 0, 1, '37.50', '0.00', 'invoice', NULL, '2020-11-11 16:19:15', '2020-11-11 16:19:15'),
(84, 1, '250', 1, 1, 0, 1, '37.50', '0.00', 'invoice', 123, '2020-11-11 16:19:58', '2020-11-11 16:19:59'),
(85, 1, '250', 1, 1, 0, 1, '37.50', '0.00', 'invoice', NULL, '2020-11-11 16:20:19', '2020-11-11 16:20:20'),
(86, 1, '250', 1, 1, 0, 1, '37.50', '0.00', 'invoice', 1236548, '2020-11-11 16:20:28', '2020-11-11 16:20:29'),
(87, 2, '150', 3, 1, 0, 1, '22.50', '0.00', 'invoice', NULL, '2020-11-11 16:22:01', '2020-11-11 16:22:02'),
(88, 2, '0', 3, 1, 0, 1, '0.00', '0.00', 'invoice', 0, '2020-11-11 16:23:20', '2020-11-11 16:23:20'),
(89, 2, '0', 3, 1, 0, 1, '0.00', '0.00', 'invoice', 0, '2020-11-11 16:23:34', '2020-11-11 16:23:34'),
(90, 3, '700', 1, 1, 0, 1, '105.00', '0.00', 'invoice', NULL, '2020-11-11 16:25:50', '2020-11-11 16:25:50'),
(91, 1, '150', 1, 1, 0, 1, '22.50', '0.00', 'invoice', NULL, '2020-11-11 16:27:16', '2020-11-11 16:27:16'),
(92, 1, '300', 2, 1, 0, 1, '0', '0.00', 'invoice', 20, '2020-11-11 17:23:44', '2020-11-11 17:23:45'),
(93, 1, '30000', 2, 1, 0, 1, '0', '0.00', 'invoice', 0, '2020-11-11 17:24:09', '2020-11-11 17:24:09'),
(94, 1, '30000', 2, 1, 0, 1, '0', '0.00', 'invoice', 20, '2020-11-11 17:24:32', '2020-11-11 17:24:32'),
(95, 1, '30000', 2, 1, 0, 1, '0', '0.00', 'invoice', 12352, '2020-11-11 17:44:13', '2020-11-11 17:44:13'),
(96, 1, '30000', 2, 1, 0, 1, '0', '0.00', 'refund', 12352, '2020-11-11 17:46:32', '2020-11-11 17:46:32'),
(97, 1, '30000', 2, 1, 0, 1, '0', '0.00', 'invoice', 0, '2020-11-11 17:46:53', '2020-11-11 17:46:53'),
(98, 1, '75000', 2, 1, 0, 1, '0', '0.00', 'invoice', 0, '2020-11-11 17:47:31', '2020-11-11 17:47:31'),
(99, 2, '1250', 2, 2, 0, 1, '187.50', '0.00', 'refund', 150, '2020-11-11 18:08:36', '2020-11-11 18:08:36');

-- --------------------------------------------------------

--
-- Table structure for table `sales_invoice_d`
--

CREATE TABLE `sales_invoice_d` (
  `id` bigint(20) NOT NULL,
  `price` varchar(100) NOT NULL,
  `qyt` int(11) NOT NULL,
  `sub_total` varchar(100) NOT NULL,
  `invoice_id` int(11) NOT NULL,
  `product_id` int(11) NOT NULL,
  `ratio` int(11) DEFAULT '0',
  `created_at` timestamp NOT NULL DEFAULT CURRENT_TIMESTAMP ON UPDATE CURRENT_TIMESTAMP,
  `updated_at` timestamp NOT NULL DEFAULT '0000-00-00 00:00:00' ON UPDATE CURRENT_TIMESTAMP
) ENGINE=InnoDB DEFAULT CHARSET=utf8;

--
-- Dumping data for table `sales_invoice_d`
--

INSERT INTO `sales_invoice_d` (`id`, `price`, `qyt`, `sub_total`, `invoice_id`, `product_id`, `ratio`, `created_at`, `updated_at`) VALUES
(1, '1000', 1, '1000', 3, 1, 0, '2020-10-09 07:49:19', '2020-10-09 07:49:19'),
(2, '1000', 1, '1000', 4, 1, 0, '2020-10-09 07:50:40', '2020-10-09 07:50:40'),
(3, '1000', 15, '10000', 5, 1, 0, '2020-11-09 14:15:54', '2020-11-09 14:15:54'),
(4, '120', 10, '1200', 5, 2, 0, '2020-10-09 08:04:51', '2020-10-09 08:04:51'),
(5, '120', 7, '1200', 5, 3, 0, '2020-11-09 14:15:51', '2020-11-09 14:15:51'),
(6, '120', 12, '1440', 5, 4, 0, '2020-10-09 08:04:51', '2020-10-09 08:04:51'),
(7, '1000', 2, '2000', 6, 1, 0, '2020-10-09 08:08:42', '2020-10-09 08:08:42'),
(8, '120', 1, '120', 6, 3, 0, '2020-10-09 08:08:42', '2020-10-09 08:08:42'),
(9, '120', 1, '120', 6, 2, 0, '2020-10-09 08:08:42', '2020-10-09 08:08:42'),
(10, '120', 14, '1680', 7, 4, 0, '2020-10-09 08:15:48', '2020-10-09 08:15:48'),
(11, '1000', 1, '1000', 8, 1, 0, '2020-10-09 08:16:13', '2020-10-09 08:16:13'),
(12, '1000', 10, '10000', 9, 1, 0, '2020-10-17 07:24:52', '2020-10-17 07:24:52'),
(13, '120', 5, '600', 9, 2, 0, '2020-10-17 07:24:52', '2020-10-17 07:24:52'),
(14, '120', 1, '120', 10, 2, 0, '2020-10-21 15:01:24', '2020-10-21 15:01:24'),
(15, '120', 9, '1080', 10, 3, 0, '2020-10-21 15:01:24', '2020-10-21 15:01:24'),
(16, '120', 1, '120', 11, 2, 0, '2020-10-21 15:05:38', '2020-10-21 15:05:38'),
(17, '120', 8, '960', 11, 3, 0, '2020-10-21 15:05:39', '2020-10-21 15:05:39'),
(18, '1000', 1, '1000', 12, 1, 0, '2020-10-21 15:21:30', '2020-10-21 15:21:30'),
(19, '120', 3, '360', 12, 2, 0, '2020-10-21 15:21:30', '2020-10-21 15:21:30'),
(20, '120', 4, '480', 12, 3, 0, '2020-10-21 15:21:30', '2020-10-21 15:21:30'),
(21, '1000', 1, '1000', 13, 1, 0, '2020-10-21 16:23:58', '2020-10-21 16:23:58'),
(22, '120', 1, '120', 13, 2, 0, '2020-10-21 16:23:58', '2020-10-21 16:23:58'),
(23, '120', 6, '720', 13, 3, 0, '2020-10-21 16:23:58', '2020-10-21 16:23:58'),
(24, '1000', 8, '8000', 14, 1, 0, '2020-10-22 19:36:59', '2020-10-22 19:36:59'),
(25, '120', 10, '1200', 14, 2, 0, '2020-10-22 19:36:59', '2020-10-22 19:36:59'),
(26, '120', 15, '1800', 14, 3, 0, '2020-10-22 19:36:59', '2020-10-22 19:36:59'),
(27, '120', 1, '120', 15, 2, 0, '2020-10-24 17:30:12', '2020-10-24 17:30:12'),
(28, '120', 4, '480', 16, 2, 0, '2020-10-26 08:16:14', '2020-10-26 08:16:14'),
(29, '120', 1, '120', 16, 3, 0, '2020-10-26 08:16:14', '2020-10-26 08:16:14'),
(30, '1000', 2, '2000', 16, 1, 0, '2020-10-26 08:16:15', '2020-10-26 08:16:15'),
(31, '120', 6, '720', 19, 2, 0, '2020-10-26 09:38:56', '2020-10-26 09:38:56'),
(32, '120', 1, '120', 20, 2, 0, '2020-10-26 09:40:26', '2020-10-26 09:40:26'),
(33, '120', 1, '120', 22, 2, 0, '2020-10-26 09:41:00', '2020-10-26 09:41:00'),
(34, '120', 6, '720', 22, 3, 0, '2020-10-26 09:41:00', '2020-10-26 09:41:00'),
(35, '1000', 1, '1000', 22, 1, 0, '2020-10-26 09:41:00', '2020-10-26 09:41:00'),
(36, '120', 1, '120', 23, 2, 0, '2020-10-26 09:41:44', '2020-10-26 09:41:44'),
(37, '120', 1, '120', 23, 3, 0, '2020-10-26 09:41:44', '2020-10-26 09:41:44'),
(38, '1000', 5, '5000', 23, 1, 0, '2020-10-26 09:41:44', '2020-10-26 09:41:44'),
(39, '1000', 3, '3000', 24, 1, 0, '2020-10-26 09:46:03', '2020-10-26 09:46:03'),
(40, '120', 1, '120', 24, 2, 0, '2020-10-26 09:46:03', '2020-10-26 09:46:03'),
(41, '1000', 1, '1000', 25, 1, 0, '2020-10-26 09:47:01', '2020-10-26 09:47:01'),
(42, '120', 1, '120', 25, 2, 0, '2020-10-26 09:47:01', '2020-10-26 09:47:01'),
(43, '120', 1, '120', 26, 2, 0, '2020-10-26 09:47:48', '2020-10-26 09:47:48'),
(44, '1000', 1, '1000', 26, 1, 0, '2020-10-26 09:47:48', '2020-10-26 09:47:48'),
(45, '1000', 6, '6000', 27, 1, 0, '2020-10-26 09:48:17', '2020-10-26 09:48:17'),
(46, '120', 6, '720', 27, 2, 0, '2020-10-26 09:48:17', '2020-10-26 09:48:17'),
(47, '1000', 1, '1000', 28, 1, 0, '2020-10-26 09:48:33', '2020-10-26 09:48:33'),
(48, '1000', 15, '15000', 29, 1, 0, '2020-10-26 09:49:18', '2020-10-26 09:49:18'),
(49, '120', 2, '240', 29, 2, 0, '2020-10-26 09:49:18', '2020-10-26 09:49:18'),
(50, '1000', 1, '1000', 30, 1, 0, '2020-10-26 09:58:18', '2020-10-26 09:58:18'),
(51, '1000', 1, '1000', 31, 1, 0, '2020-10-26 09:59:03', '2020-10-26 09:59:03'),
(52, '120', 1, '120', 31, 2, 0, '2020-10-26 09:59:04', '2020-10-26 09:59:04'),
(53, '1000', 1, '1000', 32, 1, 0, '2020-10-26 10:21:17', '2020-10-26 10:21:17'),
(54, '120', 1, '120', 32, 2, 0, '2020-10-26 10:21:17', '2020-10-26 10:21:17'),
(55, '1000', 2, '2000', 33, 1, 0, '2020-10-26 10:37:45', '2020-10-26 10:37:45'),
(56, '120', 1, '120', 33, 2, 0, '2020-10-26 10:37:45', '2020-10-26 10:37:45'),
(57, '120', 1, '120', 34, 2, 0, '2020-10-27 14:26:06', '2020-10-27 14:26:06'),
(58, '1000', 1, '1000', 34, 1, 0, '2020-10-27 14:26:06', '2020-10-27 14:26:06'),
(59, '1000', 1, '1000', 35, 1, 0, '2020-10-28 06:04:44', '2020-10-28 06:04:44'),
(60, '120', 1, '120', 35, 2, 0, '2020-10-28 06:04:44', '2020-10-28 06:04:44'),
(61, '120', 1, '120', 36, 2, 0, '2020-10-28 06:33:59', '2020-10-28 06:33:59'),
(62, '1000', 1, '1000', 36, 1, 0, '2020-10-28 06:33:59', '2020-10-28 06:33:59'),
(63, '1000', 1, '1000', 37, 1, 0, '2020-10-28 06:59:11', '2020-10-28 06:59:11'),
(64, '120', 1, '120', 37, 2, 0, '2020-10-28 06:59:11', '2020-10-28 06:59:11'),
(65, '1000', 1, '1000', 38, 1, 0, '2020-10-28 06:59:19', '2020-10-28 06:59:19'),
(66, '120', 1, '120', 38, 2, 0, '2020-10-28 06:59:19', '2020-10-28 06:59:19'),
(67, '1000', 1, '1000', 39, 1, 0, '2020-10-28 07:00:18', '2020-10-28 07:00:18'),
(68, '120', 1, '120', 39, 2, 0, '2020-10-28 07:00:18', '2020-10-28 07:00:18'),
(69, '1000', 1, '1000', 40, 1, 0, '2020-10-28 07:00:59', '2020-10-28 07:00:59'),
(70, '120', 1, '120', 40, 2, 0, '2020-10-28 07:00:59', '2020-10-28 07:00:59'),
(71, '120', 22, '2640', 40, 3, 0, '2020-10-28 07:00:59', '2020-10-28 07:00:59'),
(72, '120', 3, '360', 41, 2, 0, '2020-10-28 07:03:47', '2020-10-28 07:03:47'),
(73, '1000', 1, '1000', 41, 1, 0, '2020-10-28 07:03:47', '2020-10-28 07:03:47'),
(74, '120', 1, '120', 41, 3, 0, '2020-10-28 07:03:47', '2020-10-28 07:03:47'),
(75, '120', 1, '120', 42, 2, 0, '2020-10-28 13:20:34', '2020-10-28 13:20:34'),
(76, '120', 2, '240', 42, 3, 0, '2020-10-28 13:20:35', '2020-10-28 13:20:35'),
(77, '120', 1, '120', 43, 2, 0, '2020-10-28 13:24:56', '2020-10-28 13:24:56'),
(78, '120', 10, '1200', 43, 3, 0, '2020-10-28 13:24:56', '2020-10-28 13:24:56'),
(79, '120', 1, '120', 44, 2, 0, '2020-10-28 17:45:16', '2020-10-28 17:45:16'),
(80, '1200', 3, '3600', 44, 5, 0, '2020-10-28 17:45:16', '2020-10-28 17:45:16'),
(81, '3.5', 9, '31.5', 45, 7, 0, '2020-10-29 08:13:23', '2020-10-29 08:13:23'),
(82, '1200', 4, '4800', 45, 5, 0, '2020-10-29 08:13:23', '2020-10-29 08:13:23'),
(83, '1000', 7, '7000', 46, 1, 0, '2020-10-30 09:39:14', '2020-10-30 09:39:14'),
(84, '200', 9, '1800', 46, 2, 0, '2020-10-30 09:39:14', '2020-10-30 09:39:14'),
(85, '120', 5, '600', 46, 3, 0, '2020-10-30 09:39:14', '2020-10-30 09:39:14'),
(86, '3.5', 6, '21', 46, 7, 0, '2020-10-30 09:39:14', '2020-10-30 09:39:14'),
(87, '200', 5, '1000', 47, 2, 0, '2020-10-30 12:37:18', '2020-10-30 12:37:18'),
(88, '3.5', 1, '3.5', 47, 7, 0, '2020-10-30 12:37:18', '2020-10-30 12:37:18'),
(89, '120', 1, '120', 47, 4, 0, '2020-10-30 12:37:18', '2020-10-30 12:37:18'),
(90, '1000', 12, '12000', 48, 1, 0, '2020-10-30 16:26:36', '2020-10-30 16:26:36'),
(91, '200', 16, '3200', 48, 2, 0, '2020-10-30 16:26:37', '2020-10-30 16:26:37'),
(92, '200', 7, '1400', 49, 2, 0, '2020-10-30 17:17:42', '2020-10-30 17:17:42'),
(93, '120', 5, '600', 49, 3, 0, '2020-10-30 17:17:42', '2020-10-30 17:17:42'),
(94, '120', 6, '720', 49, 4, 0, '2020-10-30 17:17:42', '2020-10-30 17:17:42'),
(95, '1200', 9, '10800', 49, 5, 0, '2020-10-30 17:17:42', '2020-10-30 17:17:42'),
(96, '200', 7, '1400', 50, 2, 0, '2020-10-30 17:17:44', '2020-10-30 17:17:44'),
(97, '120', 5, '600', 50, 3, 0, '2020-10-30 17:17:44', '2020-10-30 17:17:44'),
(98, '120', 6, '720', 50, 4, 0, '2020-10-30 17:17:44', '2020-10-30 17:17:44'),
(99, '1200', 9, '10800', 50, 5, 0, '2020-10-30 17:17:44', '2020-10-30 17:17:44'),
(100, '1000', 1, '1000', 51, 1, 0, '2020-10-30 20:40:17', '2020-10-30 20:40:17'),
(101, '200', 1, '200', 51, 2, 0, '2020-10-30 20:40:17', '2020-10-30 20:40:17'),
(102, '1000', 1, '1000', 52, 1, 0, '2020-10-30 20:40:18', '2020-10-30 20:40:18'),
(103, '200', 1, '200', 52, 2, 0, '2020-10-30 20:40:18', '2020-10-30 20:40:18'),
(104, '200', 1, '200', 53, 2, 0, '2020-10-31 05:57:08', '2020-10-31 05:57:08'),
(105, '3.5', 1, '3.5', 53, 7, 0, '2020-10-31 05:57:08', '2020-10-31 05:57:08'),
(106, '200', 1, '200', 54, 2, 0, '2020-10-31 05:57:09', '2020-10-31 05:57:09'),
(107, '3.5', 1, '3.5', 54, 7, 0, '2020-10-31 05:57:09', '2020-10-31 05:57:09'),
(108, '120', 3, '360', 55, 3, 0, '2020-10-31 06:07:39', '2020-10-31 06:07:39'),
(109, '200', 9, '1800', 56, 2, 0, '2020-11-01 11:03:20', '2020-11-01 11:03:20'),
(110, '200', 9, '1800', 57, 2, 0, '2020-11-01 11:03:27', '2020-11-01 11:03:27'),
(111, '200', 9, '1800', 58, 2, 0, '2020-11-01 11:03:35', '2020-11-01 11:03:35'),
(112, '200', 9, '1800', 59, 2, 0, '2020-11-01 11:04:10', '2020-11-01 11:04:10'),
(113, '200', 9, '1800', 60, 2, 0, '2020-11-01 11:04:26', '2020-11-01 11:04:26'),
(114, '120', 1, '120', 60, 3, 0, '2020-11-01 11:04:27', '2020-11-01 11:04:27'),
(115, '200', 9, '1800', 61, 2, 0, '2020-11-01 11:07:05', '2020-11-01 11:07:05'),
(116, '120', 1, '120', 61, 3, 0, '2020-11-01 11:07:05', '2020-11-01 11:07:05'),
(117, '120', 1, '120', 61, 4, 0, '2020-11-01 11:07:05', '2020-11-01 11:07:05'),
(118, '1200', 1, '1200', 61, 5, 0, '2020-11-01 11:07:06', '2020-11-01 11:07:06'),
(119, '200', 14, '2800', 62, 2, 0, '2020-11-01 13:28:48', '2020-11-01 13:28:48'),
(120, '200', 10, '2000', 63, 2, 0, '2020-11-03 17:44:42', '2020-11-03 17:44:42'),
(121, '120', 6, '720', 63, 3, 0, '2020-11-03 17:44:43', '2020-11-03 17:44:43'),
(122, '200', 1, '200', 64, 2, 0, '2020-11-04 07:44:04', '2020-11-04 07:44:04'),
(123, '1200', 1, '1200', 64, 5, 0, '2020-11-04 07:44:04', '2020-11-04 07:44:04'),
(124, '3.5', 1, '3.5', 64, 7, 0, '2020-11-04 07:44:04', '2020-11-04 07:44:04'),
(125, '200', 7, '1400', 65, 2, 0, '2020-11-04 08:39:11', '2020-11-04 08:39:11'),
(126, '120', 15, '1800', 65, 3, 0, '2020-11-04 08:39:11', '2020-11-04 08:39:11'),
(127, '200', 1, '200', 66, 2, 0, '2020-11-10 04:40:34', '2020-11-10 04:40:34'),
(128, '200', 1, '200', 67, 2, 0, '2020-11-10 04:41:06', '2020-11-10 04:41:06'),
(129, '200', 1, '200', 68, 2, 0, '2020-11-10 04:41:32', '2020-11-10 04:41:32'),
(130, '200', 1, '200', 69, 2, 0, '2020-11-10 04:41:53', '2020-11-10 04:41:53'),
(131, '200', 1, '200', 70, 2, 0, '2020-11-10 04:53:39', '2020-11-10 04:53:39'),
(132, '200', 1, '200', 73, 2, 0, '2020-11-10 09:50:11', '2020-11-10 09:50:11'),
(133, '120', 1, '120', 73, 3, 0, '2020-11-10 09:50:11', '2020-11-10 09:50:11'),
(134, '120', 1, '120', 73, 4, 0, '2020-11-10 09:50:12', '2020-11-10 09:50:12'),
(135, '200', 1, '200', 74, 2, 0, '2020-11-10 09:54:59', '2020-11-10 09:54:59'),
(136, '200', 7, '1400', 75, 2, 0, '2020-11-10 09:56:26', '2020-11-10 09:56:26'),
(137, '120', 1, '120', 75, 3, 0, '2020-11-10 09:56:26', '2020-11-10 09:56:26'),
(138, '120', 13, '1560', 75, 4, 0, '2020-11-10 09:56:26', '2020-11-10 09:56:26'),
(139, '1200', 5, '6000', 75, 5, 0, '2020-11-10 09:56:26', '2020-11-10 09:56:26'),
(140, '200', 1, '200', 76, 2, 0, '2020-11-11 18:50:52', '2020-11-11 18:50:52'),
(141, '200', 5, '1000', 77, 2, 0, '2020-11-11 19:28:21', '2020-11-11 19:28:21'),
(142, '200', 5, '1000', 78, 2, 0, '2020-11-11 19:30:26', '2020-11-11 19:30:26'),
(143, '120', 7, '840', 78, 3, 0, '2020-11-11 19:30:26', '2020-11-11 19:30:26'),
(144, '200', 100, '20000', 79, 2, 0, '2020-11-11 19:31:53', '2020-11-11 19:31:53'),
(145, '120', 7, '840', 79, 3, 0, '2020-11-11 19:31:54', '2020-11-11 19:31:54'),
(146, '200', 100, '20000', 80, 2, 0, '2020-11-11 19:33:47', '2020-11-11 19:33:47'),
(147, '120', 7, '840', 80, 3, 0, '2020-11-11 19:33:47', '2020-11-11 19:33:47'),
(148, '200', 100, '20000', 81, 2, 0, '2020-11-11 19:34:08', '2020-11-11 19:34:08'),
(149, '120', 7, '840', 81, 3, 0, '2020-11-11 19:34:09', '2020-11-11 19:34:09'),
(150, '200', 100, '20000', 82, 2, 0, '2020-11-11 19:35:07', '2020-11-11 19:35:07'),
(151, '120', 7, '840', 82, 3, 0, '2020-11-11 19:35:08', '2020-11-11 19:35:08'),
(152, '200', 100, '20000', 83, 2, 0, '2020-11-11 19:36:37', '2020-11-11 19:36:37'),
(153, '120', 7, '840', 83, 3, 0, '2020-11-11 19:36:37', '2020-11-11 19:36:37'),
(154, '1000', 20, '20000', 84, 1, 0, '2020-11-11 19:38:21', '2020-11-11 19:38:21'),
(155, '1000', 20, '20000', 85, 1, 0, '2020-11-11 19:41:12', '2020-11-11 19:41:12'),
(156, '1000', 20, '20000', 86, 1, 0, '2020-11-11 19:41:32', '2020-11-11 19:41:32'),
(157, '1000', 20, '20000', 87, 1, 0, '2020-11-11 19:42:40', '2020-11-11 19:42:40'),
(158, '1000', 100, '100000', 88, 1, 0, '2020-11-11 19:43:09', '2020-11-11 19:43:09'),
(159, '1000', 4, '4000', 89, 1, 0, '2020-11-11 20:09:39', '2020-11-11 20:09:39'),
(160, '1000', 4, '4000', 90, 1, 7, '2020-11-11 20:10:35', '2020-11-11 20:10:35');

-- --------------------------------------------------------

--
-- Table structure for table `sales_invoice_h`
--

CREATE TABLE `sales_invoice_h` (
  `id` bigint(20) UNSIGNED NOT NULL,
  `customer_id` int(11) DEFAULT NULL,
  `total` varchar(191) COLLATE utf8mb4_unicode_ci NOT NULL,
  `vat_total` varchar(100) COLLATE utf8mb4_unicode_ci NOT NULL DEFAULT '0',
  `payment_method_id` int(11) NOT NULL,
  `created_by` int(11) NOT NULL,
  `discount` int(11) DEFAULT '0',
  `invoice_type` varchar(20) COLLATE utf8mb4_unicode_ci DEFAULT 'invoice',
  `reference` int(11) DEFAULT '0',
  `created_at` timestamp NULL DEFAULT NULL,
  `updated_at` timestamp NULL DEFAULT NULL
) ENGINE=InnoDB DEFAULT CHARSET=utf8mb4 COLLATE=utf8mb4_unicode_ci;

--
-- Dumping data for table `sales_invoice_h`
--

INSERT INTO `sales_invoice_h` (`id`, `customer_id`, `total`, `vat_total`, `payment_method_id`, `created_by`, `discount`, `invoice_type`, `reference`, `created_at`, `updated_at`) VALUES
(1, 0, '1000', '0', 1, 1, 0, 'invoice', 0, '2020-10-09 07:47:44', '2020-10-09 07:47:44'),
(2, 0, '1000', '0', 1, 1, 0, 'invoice', 0, '2020-10-09 07:48:30', '2020-10-09 07:48:30'),
(3, 0, '1000', '0', 1, 1, 0, 'invoice', 0, '2020-10-09 07:49:19', '2020-10-09 07:49:19'),
(4, 0, '1000', '0', 1, 1, 0, 'invoice', 0, '2020-10-09 07:50:40', '2020-10-09 07:50:40'),
(5, 2, '13840', '0', 1, 1, 0, 'invoice', 0, '2020-10-09 08:04:50', '2020-10-09 08:04:50'),
(6, 0, '2240', '0', 1, 1, 0, 'invoice', 0, '2020-10-09 08:08:42', '2020-10-09 08:08:42'),
(7, 0, '1680', '0', 1, 1, 0, 'invoice', 0, '2020-10-09 08:15:48', '2020-10-09 08:15:48'),
(8, 0, '1000', '0', 1, 1, 0, 'invoice', 0, '2020-10-09 08:16:13', '2020-10-09 08:16:13'),
(9, 2, '10600', '0', 3, 1, 0, 'invoice', 0, '2020-10-17 07:24:52', '2020-10-17 07:24:52'),
(10, 0, '1200', '0', 1, 1, 0, 'invoice', 0, '2020-10-21 15:01:24', '2020-10-21 15:01:24'),
(11, 0, '2280', '0', 1, 1, 0, 'invoice', 0, '2020-10-21 15:05:38', '2020-10-21 15:05:38'),
(12, 0, '1840', '0', 1, 1, 0, 'invoice', 0, '2020-10-21 15:21:29', '2020-10-21 15:21:29'),
(13, 2, '1840', '0', 2, 1, 0, 'invoice', 0, '2020-10-21 16:23:58', '2020-10-21 16:23:58'),
(14, 0, '11000', '0', 1, 1, 0, 'invoice', 0, '2020-10-22 19:36:59', '2020-10-22 19:36:59'),
(15, 0, '120', '0', 1, 1, 0, 'invoice', 0, '2020-10-24 17:30:12', '2020-10-24 17:30:12'),
(16, 0, '2600', '0', 1, 1, 0, 'invoice', 0, '2020-10-26 08:16:14', '2020-10-26 08:16:14'),
(17, 0, '2600', '0', 1, 1, 0, 'invoice', 0, '2020-10-26 09:37:39', '2020-10-26 09:37:39'),
(18, 0, '2600', '0', 1, 1, 0, 'invoice', 0, '2020-10-26 09:37:48', '2020-10-26 09:37:48'),
(19, 0, '720', '0', 1, 1, 0, 'invoice', 0, '2020-10-26 09:38:56', '2020-10-26 09:38:56'),
(20, 0, '120', '0', 1, 1, 0, 'invoice', 0, '2020-10-26 09:40:26', '2020-10-26 09:40:26'),
(21, 0, '120', '0', 1, 1, 0, 'invoice', 0, '2020-10-26 09:40:29', '2020-10-26 09:40:29'),
(22, 0, '1840', '0', 1, 1, 0, 'invoice', 0, '2020-10-26 09:41:00', '2020-10-26 09:41:00'),
(23, 0, '5240', '0', 1, 1, 0, 'invoice', 0, '2020-10-26 09:41:44', '2020-10-26 09:41:44'),
(24, 0, '3120', '0', 1, 1, 0, 'invoice', 0, '2020-10-26 09:46:03', '2020-10-26 09:46:03'),
(25, 0, '1120', '0', 1, 1, 0, 'invoice', 0, '2020-10-26 09:47:01', '2020-10-26 09:47:01'),
(26, 0, '1120', '0', 1, 1, 0, 'invoice', 0, '2020-10-26 09:47:47', '2020-10-26 09:47:47'),
(27, 0, '6720', '0', 1, 1, 0, 'invoice', 0, '2020-10-26 09:48:17', '2020-10-26 09:48:17'),
(28, 0, '1000', '0', 1, 1, 0, 'invoice', 0, '2020-10-26 09:48:33', '2020-10-26 09:48:33'),
(29, 0, '15240', '0', 1, 1, 0, 'invoice', 0, '2020-10-26 09:49:18', '2020-10-26 09:49:18'),
(30, 0, '1000', '0', 1, 1, 0, 'invoice', 0, '2020-10-26 09:58:18', '2020-10-26 09:58:18'),
(31, 0, '1120', '0', 1, 1, 0, 'invoice', 0, '2020-10-26 09:59:03', '2020-10-26 09:59:03'),
(32, 0, '1120', '0', 1, 1, 0, 'invoice', 0, '2020-10-26 10:21:16', '2020-10-26 10:21:16'),
(33, 0, '2120', '0', 3, 1, 0, 'invoice', 0, '2020-10-26 10:37:45', '2020-10-26 10:37:45'),
(34, 0, '1120', '0', 1, 1, 0, 'invoice', 0, '2020-10-27 14:26:06', '2020-10-27 14:26:06'),
(35, 0, '1120', '0', 1, 1, 0, 'invoice', 0, '2020-10-28 06:04:44', '2020-10-28 06:04:44'),
(36, 0, '1120', '0', 1, 1, 0, 'invoice', 0, '2020-10-28 06:33:59', '2020-10-28 06:33:59'),
(37, 2, '1120', '0', 3, 1, 0, 'invoice', 0, '2020-10-28 06:59:11', '2020-10-28 06:59:11'),
(38, 2, '1120', '0', 3, 1, 0, 'invoice', 0, '2020-10-28 06:59:19', '2020-10-28 06:59:19'),
(39, 2, '1120', '0', 3, 1, 0, 'invoice', 0, '2020-10-28 07:00:18', '2020-10-28 07:00:18'),
(40, 0, '3760', '0', 1, 1, 0, 'invoice', 0, '2020-10-28 07:00:59', '2020-10-28 07:00:59'),
(41, 0, '1480', '23', 1, 1, 0, 'invoice', 0, '2020-10-28 07:03:46', '2020-10-28 07:03:47'),
(42, 0, '360', '41', 2, 1, 0, 'invoice', 0, '2020-10-28 13:20:34', '2020-10-28 13:20:35'),
(43, 0, '1320', '201', 1, 1, 0, 'invoice', 0, '2020-10-28 13:24:56', '2020-10-28 13:24:56'),
(44, 1, '3720', '46', 1, 1, 0, 'invoice', 0, '2020-10-28 17:45:16', '2020-10-28 17:45:16'),
(45, 1, '4831.5', '195', 1, 1, 0, 'invoice', 0, '2020-10-29 08:13:23', '2020-10-29 08:13:23'),
(46, 3, '9421', '199', 3, 1, 0, 'invoice', 0, '2020-10-30 09:39:14', '2020-10-30 09:39:14'),
(47, 3, '1123.5', '37', 3, 1, 0, 'invoice', 0, '2020-10-30 12:37:18', '2020-10-30 12:37:18'),
(48, 0, '15200', '16', 1, 1, 0, 'invoice', 0, '2020-10-30 16:26:36', '2020-10-30 16:26:37'),
(49, 0, '13520', '344', 1, 1, 0, 'invoice', 0, '2020-10-30 17:17:42', '2020-10-30 17:17:43'),
(50, 0, '13520', '344', 1, 1, 0, 'invoice', 0, '2020-10-30 17:17:44', '2020-10-30 17:17:44'),
(51, 0, '1200', '1', 1, 1, 0, 'invoice', 0, '2020-10-30 20:40:17', '2020-10-30 20:40:17'),
(52, 0, '1200', '1', 1, 1, 0, 'invoice', 0, '2020-10-30 20:40:18', '2020-10-30 20:40:18'),
(53, 0, '203.5', '16', 1, 1, 0, 'invoice', 0, '2020-10-31 05:57:08', '2020-10-31 05:57:08'),
(54, 0, '203.5', '16', 1, 1, 0, 'invoice', 0, '2020-10-31 05:57:09', '2020-10-31 05:57:09'),
(55, 0, '360', '60', 1, 1, 0, 'invoice', 0, '2020-10-31 06:07:39', '2020-10-31 06:07:39'),
(56, 0, '3240', '0', 1, 1, 0, 'invoice', 0, '2020-11-01 11:03:20', '2020-11-01 11:03:20'),
(57, 0, '3240', '0', 1, 1, 0, 'invoice', 0, '2020-11-01 11:03:27', '2020-11-01 11:03:27'),
(58, 0, '3240', '0', 1, 1, 0, 'invoice', 0, '2020-11-01 11:03:35', '2020-11-01 11:03:35'),
(59, 0, '3240', '0', 1, 1, 0, 'invoice', 0, '2020-11-01 11:04:10', '2020-11-01 11:04:10'),
(60, 0, '3240', '0', 1, 1, 0, 'invoice', 0, '2020-11-01 11:04:26', '2020-11-01 11:04:26'),
(61, 0, '3240', '61', 1, 1, 0, 'invoice', 0, '2020-11-01 11:07:05', '2020-11-01 11:07:06'),
(62, 0, '2800', '14', 1, 1, 0, 'invoice', 0, '2020-11-01 13:28:48', '2020-11-01 13:28:48'),
(63, 0, '2720', '130', 1, 1, 0, 'invoice', 0, '2020-11-03 17:44:42', '2020-11-03 17:44:43'),
(64, 0, '1403.5', '31', 1, 1, 0, 'invoice', 0, '2020-11-04 07:44:04', '2020-11-04 07:44:04'),
(65, 0, '3200', '307', 1, 1, 0, 'invoice', 0, '2020-11-04 08:39:11', '2020-11-04 08:39:12'),
(66, 0, '200', '1', 1, 1, 0, 'invoice', 0, '2020-11-10 04:40:34', '2020-11-10 04:40:34'),
(67, 0, '200', '1', 1, 1, 0, 'invoice', 0, '2020-11-10 04:41:06', '2020-11-10 04:41:06'),
(68, 0, '200', '1', 1, 1, 0, 'invoice', 0, '2020-11-10 04:41:31', '2020-11-10 04:41:32'),
(69, 0, '200', '1', 1, 1, 0, 'invoice', 0, '2020-11-10 04:41:53', '2020-11-10 04:41:53'),
(70, 0, '200', '1', 1, 1, 0, 'invoice', 0, '2020-11-10 04:53:39', '2020-11-10 04:53:39'),
(71, 0, '440', '0', 1, 1, 0, 'invoice', 0, '2020-11-10 09:49:08', '2020-11-10 09:49:08'),
(72, 0, '440', '0', 1, 1, 0, 'invoice', 0, '2020-11-10 09:49:18', '2020-11-10 09:49:18'),
(73, 0, '440', '0', 1, 1, 0, 'invoice', 0, '2020-11-10 09:50:11', '2020-11-10 09:50:11'),
(74, 0, '200', '0', 1, 1, 20, 'invoice', 0, '2020-11-10 09:54:59', '2020-11-10 09:54:59'),
(75, 0, '9080', '1266.66', 1, 1, 636, 'invoice', 0, '2020-11-10 09:56:26', '2020-11-10 09:56:26'),
(76, 0, '200', '30.00', 1, 1, 0, 'invoice', 0, '2020-11-11 18:50:52', '2020-11-11 18:50:52'),
(77, 0, '1840', '276.00', 1, 1, 0, 'invoice', 0, '2020-11-11 19:28:21', '2020-11-11 19:28:21'),
(78, 0, '1840', '276.00', 1, 1, 0, 'invoice', 0, '2020-11-11 19:30:25', '2020-11-11 19:30:25'),
(79, 0, '20840', '3126.00', 1, 1, 0, 'refund', 120, '2020-11-11 19:31:53', '2020-11-11 19:31:54'),
(80, 0, '20840', '3126.00', 1, 1, 0, 'refund', 120, '2020-11-11 19:33:47', '2020-11-11 19:33:47'),
(81, 0, '20840', '3126.00', 1, 1, 0, 'invoice', 0, '2020-11-11 19:34:08', '2020-11-11 19:34:08'),
(82, 0, '20840', '3126.00', 1, 1, 0, 'refund', 120, '2020-11-11 19:35:07', '2020-11-11 19:35:08'),
(83, 0, '20840', '3126.00', 1, 1, 0, 'refund', 120, '2020-11-11 19:36:36', '2020-11-11 19:36:37'),
(84, 0, '20000', '3000.00', 1, 1, 0, 'refund', 120, '2020-11-11 19:38:21', '2020-11-11 19:38:21'),
(85, 0, '20000', '3000.00', 1, 1, 0, 'invoice', 0, '2020-11-11 19:41:12', '2020-11-11 19:41:12'),
(86, 0, '20000', '3000.00', 1, 1, 0, 'invoice', 0, '2020-11-11 19:41:32', '2020-11-11 19:41:32'),
(87, 0, '20000', '3000.00', 1, 1, 0, 'invoice', 0, '2020-11-11 19:42:40', '2020-11-11 19:42:40'),
(88, 0, '100000', '15000.00', 1, 1, 0, 'refund', 120, '2020-11-11 19:43:09', '2020-11-11 19:43:09'),
(89, 0, '4000', '600.00', 1, 1, 0, 'invoice', 0, '2020-11-11 20:09:38', '2020-11-11 20:09:38'),
(90, 0, '4000', '600.00', 1, 1, 0, 'invoice', 0, '2020-11-11 20:10:35', '2020-11-11 20:10:35');

-- --------------------------------------------------------

--
-- Table structure for table `settings`
--

CREATE TABLE `settings` (
  `id` bigint(20) NOT NULL,
  `name` varchar(250) NOT NULL,
  `address` varchar(250) NOT NULL,
  `phone` varchar(250) NOT NULL,
  `logo` varchar(250) NOT NULL,
  `created_at` timestamp NOT NULL DEFAULT CURRENT_TIMESTAMP ON UPDATE CURRENT_TIMESTAMP,
  `updated_at` timestamp NOT NULL DEFAULT '0000-00-00 00:00:00' ON UPDATE CURRENT_TIMESTAMP
) ENGINE=InnoDB DEFAULT CHARSET=utf8;

--
-- Dumping data for table `settings`
--

INSERT INTO `settings` (`id`, `name`, `address`, `phone`, `logo`, `created_at`, `updated_at`) VALUES
(1, 'برجى التقنيه', 'الرياض شارع البلابل', '249915903708 - 134567854', '', '2020-10-26 12:13:14', '0000-00-00 00:00:00');

-- --------------------------------------------------------

--
-- Table structure for table `stocks`
--

CREATE TABLE `stocks` (
  `id` bigint(20) UNSIGNED NOT NULL,
  `name` varchar(191) COLLATE utf8mb4_unicode_ci NOT NULL,
  `status` tinyint(1) NOT NULL DEFAULT '1',
  `created_at` timestamp NULL DEFAULT NULL,
  `updated_at` timestamp NULL DEFAULT NULL
) ENGINE=InnoDB DEFAULT CHARSET=utf8mb4 COLLATE=utf8mb4_unicode_ci;

--
-- Dumping data for table `stocks`
--

INSERT INTO `stocks` (`id`, `name`, `status`, `created_at`, `updated_at`) VALUES
(1, 'المخزن الافتراضى', 1, NULL, NULL),
(2, 'المخزن الكبير', 1, NULL, NULL),
(3, 'الاسم العادى', 1, '2020-10-23 21:45:55', '2020-10-23 21:45:55'),
(4, 'php', 1, '2020-11-06 14:24:07', '2020-11-06 14:24:07');

-- --------------------------------------------------------

--
-- Table structure for table `stock_products`
--

CREATE TABLE `stock_products` (
  `id` bigint(20) NOT NULL,
  `stock_id` int(11) NOT NULL,
  `product_id` int(11) NOT NULL,
  `qyt` int(11) NOT NULL,
  `created_at` timestamp NOT NULL DEFAULT CURRENT_TIMESTAMP ON UPDATE CURRENT_TIMESTAMP,
  `updated_at` timestamp NOT NULL DEFAULT '0000-00-00 00:00:00' ON UPDATE CURRENT_TIMESTAMP
) ENGINE=InnoDB DEFAULT CHARSET=utf8;

--
-- Dumping data for table `stock_products`
--

INSERT INTO `stock_products` (`id`, `stock_id`, `product_id`, `qyt`, `created_at`, `updated_at`) VALUES
(1, 1, 2, -28, '2020-11-11 20:50:52', '2020-11-11 18:50:52'),
(2, 1, 5, 22, '2020-11-10 11:56:26', '2020-11-10 09:56:26'),
(3, 1, 4, 4, '2020-11-11 18:20:30', '2020-11-11 16:20:30'),
(4, 1, 1, 392, '2020-11-11 22:10:35', '2020-11-11 20:10:35'),
(5, 1, 3, -16, '2020-11-11 18:20:29', '2020-11-11 16:20:29'),
(6, 1, 7, 11, '2020-11-04 09:44:04', '2020-11-04 07:44:04'),
(7, 2, 1, 1, '2020-11-01 13:40:29', '2020-11-01 13:40:29'),
(8, 2, 4, 0, '2020-11-11 20:08:37', '2020-11-11 18:08:37'),
(9, 2, 5, 7, '2020-11-11 20:08:37', '2020-11-11 18:08:37'),
(10, 2, 7, 11, '2020-11-10 13:27:23', '2020-11-10 11:27:23'),
(11, 2, 2, 312, '2020-11-11 20:08:36', '2020-11-11 18:08:36'),
(12, 1, 9, 1, '2020-11-10 11:19:21', '2020-11-10 11:19:21'),
(13, 1, 10, 1, '2020-11-10 11:19:21', '2020-11-10 11:19:21'),
(14, 1, 8, 1, '2020-11-10 11:19:21', '2020-11-10 11:19:21'),
(15, 2, 3, 0, '2020-11-11 20:08:36', '2020-11-11 18:08:36'),
(16, 3, 2, -1, '2020-11-11 16:22:01', '2020-11-11 16:22:01');

-- --------------------------------------------------------

--
-- Table structure for table `suppliers`
--

CREATE TABLE `suppliers` (
  `id` bigint(20) UNSIGNED NOT NULL,
  `name` varchar(191) COLLATE utf8mb4_unicode_ci NOT NULL,
  `phone` varchar(191) COLLATE utf8mb4_unicode_ci NOT NULL,
  `address` varchar(191) COLLATE utf8mb4_unicode_ci NOT NULL,
  `status` int(11) NOT NULL DEFAULT '1',
  `balance` int(11) NOT NULL DEFAULT '0',
  `tax_number` varchar(20) COLLATE utf8mb4_unicode_ci NOT NULL,
  `note` text COLLATE utf8mb4_unicode_ci,
  `an_other_phone` varchar(200) COLLATE utf8mb4_unicode_ci DEFAULT NULL,
  `created_at` timestamp NULL DEFAULT NULL,
  `updated_at` timestamp NULL DEFAULT NULL
) ENGINE=InnoDB DEFAULT CHARSET=utf8mb4 COLLATE=utf8mb4_unicode_ci;

--
-- Dumping data for table `suppliers`
--

INSERT INTO `suppliers` (`id`, `name`, `phone`, `address`, `status`, `balance`, `tax_number`, `note`, `an_other_phone`, `created_at`, `updated_at`) VALUES
(1, 'ابراهيم حمدي', '5255', 'العنوان الذى يحب', 1, 1120, '60', NULL, NULL, '2020-09-29 13:24:46', '2020-10-08 19:45:04'),
(2, 'حسام الدين محمد', '09156585255', 'الحله الجديده', 1, 13560, '5412', NULL, NULL, '2020-09-29 13:37:02', '2020-11-10 12:36:12'),
(3, 'محمد عكاشه', '249915903708', 'العنوان الذى يذكر', 1, 0, '123456', NULL, NULL, '2020-11-10 12:26:22', '2020-11-10 12:26:22'),
(4, 'ahmed hmed', '+249915903708', 'khartoum rayad', 1, 0, '44', 'dddd', '+249915903708', '2020-11-10 20:41:16', '2020-11-10 20:41:16'),
(5, 'ahmed hmed', '+249915903708', 'khartoum rayad', 1, 0, '44', 'لاتوجد ملاحظات', '+249915903708', '2020-11-10 20:48:20', '2020-11-10 20:48:20'),
(6, 'ahmed umn', '4333', 'khartoum rayad27', 1, 0, '745', 'لاتوجد ملاحظا88ت', '543', '2020-11-10 20:49:01', '2020-11-10 20:49:01');

-- --------------------------------------------------------

--
-- Table structure for table `transactions`
--

CREATE TABLE `transactions` (
  `id` bigint(20) UNSIGNED NOT NULL,
  `amount` varchar(191) COLLATE utf8mb4_unicode_ci NOT NULL,
  `from` int(11) DEFAULT NULL,
  `to` int(11) DEFAULT NULL,
  `transactionable_type` varchar(191) COLLATE utf8mb4_unicode_ci NOT NULL,
  `transactionable_id` int(11) NOT NULL,
  `payment_method_id` int(11) NOT NULL DEFAULT '1',
  `created_at` timestamp NULL DEFAULT NULL,
  `updated_at` timestamp NULL DEFAULT NULL
) ENGINE=InnoDB DEFAULT CHARSET=utf8mb4 COLLATE=utf8mb4_unicode_ci;

--
-- Dumping data for table `transactions`
--

INSERT INTO `transactions` (`id`, `amount`, `from`, `to`, `transactionable_type`, `transactionable_id`, `payment_method_id`, `created_at`, `updated_at`) VALUES
(1, '1120', 1, 4, 'App\\model\\purchase_invoice_h', 38, 1, '2020-10-07 22:37:49', '2020-10-07 22:37:49'),
(2, '1120', 1, 4, 'App\\model\\purchase_invoice_h', 39, 1, '2020-10-07 22:39:15', '2020-10-07 22:39:15'),
(3, '2120', 1, 4, 'App\\model\\purchase_invoice_h', 40, 1, '2020-10-08 05:12:44', '2020-10-08 05:12:44'),
(4, '1000', 1, 4, 'App\\model\\purchase_invoice_h', 41, 1, '2020-10-08 18:20:52', '2020-10-08 18:20:52'),
(5, '1000', 1, 4, 'App\\model\\purchase_invoice_h', 42, 1, '2020-10-08 18:21:47', '2020-10-08 18:21:47'),
(6, '1000', 1, 4, 'App\\Model\\sales_invoice_h', 4, 1, '2020-10-09 07:50:40', '2020-10-09 07:50:40'),
(7, '13840', 1, 4, 'App\\Model\\sales_invoice_h', 5, 1, '2020-10-09 08:04:51', '2020-10-09 08:04:51'),
(8, '2240', 1, 4, 'App\\Model\\sales_invoice_h', 6, 1, '2020-10-09 08:08:42', '2020-10-09 08:08:42'),
(9, '1680', 1, 4, 'App\\Model\\sales_invoice_h', 7, 1, '2020-10-09 08:15:48', '2020-10-09 08:15:48'),
(10, '1000', 1, 4, 'App\\Model\\sales_invoice_h', 8, 1, '2020-10-09 08:16:13', '2020-10-09 08:16:13'),
(11, '2360', 1, 4, 'App\\model\\purchase_invoice_h', 43, 1, '2020-10-21 09:05:49', '2020-10-21 09:05:49'),
(12, '1200', 1, 4, 'App\\Model\\sales_invoice_h', 10, 1, '2020-10-21 15:01:24', '2020-10-21 15:01:24'),
(13, '2280', 1, 4, 'App\\Model\\sales_invoice_h', 11, 1, '2020-10-21 15:05:39', '2020-10-21 15:05:39'),
(14, '1840', 1, 4, 'App\\Model\\sales_invoice_h', 12, 1, '2020-10-21 15:21:30', '2020-10-21 15:21:30'),
(15, '1240', 1, 4, 'App\\model\\purchase_invoice_h', 45, 1, '2020-10-22 19:28:52', '2020-10-22 19:28:52'),
(16, '1480', 1, 4, 'App\\model\\purchase_invoice_h', 46, 1, '2020-10-22 19:31:39', '2020-10-22 19:31:39'),
(17, '26360', 1, 4, 'App\\model\\purchase_invoice_h', 47, 1, '2020-10-22 19:34:46', '2020-10-22 19:34:46'),
(18, '11000', 1, 4, 'App\\Model\\sales_invoice_h', 14, 1, '2020-10-22 19:36:59', '2020-10-22 19:36:59'),
(19, '1120', 1, 4, 'App\\model\\purchase_invoice_h', 48, 1, '2020-10-22 19:58:01', '2020-10-22 19:58:01'),
(20, '120', 1, 4, 'App\\Model\\sales_invoice_h', 15, 1, '2020-10-24 17:30:12', '2020-10-24 17:30:12'),
(21, '2600', 1, 4, 'App\\Model\\sales_invoice_h', 16, 1, '2020-10-26 08:16:15', '2020-10-26 08:16:15'),
(22, '720', 1, 4, 'App\\Model\\sales_invoice_h', 19, 1, '2020-10-26 09:38:56', '2020-10-26 09:38:56'),
(23, '120', 1, 4, 'App\\Model\\sales_invoice_h', 20, 1, '2020-10-26 09:40:26', '2020-10-26 09:40:26'),
(24, '1840', 1, 4, 'App\\Model\\sales_invoice_h', 22, 1, '2020-10-26 09:41:00', '2020-10-26 09:41:00'),
(25, '5240', 1, 4, 'App\\Model\\sales_invoice_h', 23, 1, '2020-10-26 09:41:44', '2020-10-26 09:41:44'),
(26, '3120', 1, 4, 'App\\Model\\sales_invoice_h', 24, 1, '2020-10-26 09:46:03', '2020-10-26 09:46:03'),
(27, '1120', 1, 4, 'App\\Model\\sales_invoice_h', 25, 1, '2020-10-26 09:47:01', '2020-10-26 09:47:01'),
(28, '1120', 1, 4, 'App\\Model\\sales_invoice_h', 26, 1, '2020-10-26 09:47:48', '2020-10-26 09:47:48'),
(29, '6720', 1, 4, 'App\\Model\\sales_invoice_h', 27, 1, '2020-10-26 09:48:17', '2020-10-26 09:48:17'),
(30, '1000', 1, 4, 'App\\Model\\sales_invoice_h', 28, 1, '2020-10-26 09:48:33', '2020-10-26 09:48:33'),
(31, '15240', 1, 4, 'App\\Model\\sales_invoice_h', 29, 1, '2020-10-26 09:49:18', '2020-10-26 09:49:18'),
(32, '1000', 1, 4, 'App\\Model\\sales_invoice_h', 30, 1, '2020-10-26 09:58:19', '2020-10-26 09:58:19'),
(33, '1120', 1, 4, 'App\\Model\\sales_invoice_h', 31, 1, '2020-10-26 09:59:04', '2020-10-26 09:59:04'),
(34, '1120', 1, 4, 'App\\Model\\sales_invoice_h', 32, 1, '2020-10-26 10:21:17', '2020-10-26 10:21:17'),
(35, '2120', 1, 4, 'App\\Model\\sales_invoice_h', 33, 1, '2020-10-26 10:37:45', '2020-10-26 10:37:45'),
(36, '1120', 1, 4, 'App\\Model\\sales_invoice_h', 34, 1, '2020-10-27 14:26:07', '2020-10-27 14:26:07'),
(37, '1120', NULL, NULL, 'App\\Model\\sales_invoice_h', 35, 1, '2020-10-28 06:04:44', '2020-10-28 06:04:44'),
(38, '1120', NULL, NULL, 'App\\Model\\sales_invoice_h', 36, 1, '2020-10-28 06:33:59', '2020-10-28 06:33:59'),
(39, '3760', NULL, NULL, 'App\\Model\\sales_invoice_h', 40, 1, '2020-10-28 07:01:00', '2020-10-28 07:01:00'),
(40, '1480', NULL, NULL, 'App\\Model\\sales_invoice_h', 41, 1, '2020-10-28 07:03:47', '2020-10-28 07:03:47'),
(41, '1360', 1, 4, 'App\\model\\purchase_invoice_h', 50, 1, '2020-10-28 08:35:51', '2020-10-28 08:35:51'),
(42, '1360', NULL, NULL, 'App\\model\\purchase_invoice_h', 50, 1, '2020-10-28 08:35:51', '2020-10-28 08:35:51'),
(43, '360', NULL, NULL, 'App\\Model\\sales_invoice_h', 42, 1, '2020-10-28 13:20:35', '2020-10-28 13:20:35'),
(44, '1320', NULL, NULL, 'App\\Model\\sales_invoice_h', 43, 1, '2020-10-28 13:24:56', '2020-10-28 13:24:56'),
(45, '1360', 1, 4, 'App\\model\\purchase_invoice_h', 51, 1, '2020-10-28 13:52:18', '2020-10-28 13:52:18'),
(46, '1360', NULL, NULL, 'App\\model\\purchase_invoice_h', 51, 1, '2020-10-28 13:52:18', '2020-10-28 13:52:18'),
(47, '1200', 1, 4, 'App\\model\\purchase_invoice_h', 52, 1, '2020-10-28 13:54:04', '2020-10-28 13:54:04'),
(48, '1200', NULL, NULL, 'App\\model\\purchase_invoice_h', 52, 1, '2020-10-28 13:54:04', '2020-10-28 13:54:04'),
(49, '1560', 1, 4, 'App\\model\\purchase_invoice_h', 54, 1, '2020-10-28 13:58:20', '2020-10-28 13:58:20'),
(50, '1560', NULL, NULL, 'App\\model\\purchase_invoice_h', 54, 1, '2020-10-28 13:58:20', '2020-10-28 13:58:20'),
(51, '480', 1, 4, 'App\\model\\purchase_invoice_h', 55, 1, '2020-10-28 13:59:42', '2020-10-28 13:59:42'),
(52, '480', NULL, NULL, 'App\\model\\purchase_invoice_h', 55, 1, '2020-10-28 13:59:43', '2020-10-28 13:59:43'),
(53, '480', 1, 4, 'App\\model\\purchase_invoice_h', 56, 1, '2020-10-28 14:01:26', '2020-10-28 14:01:26'),
(54, '480', NULL, NULL, 'App\\model\\purchase_invoice_h', 56, 1, '2020-10-28 14:01:27', '2020-10-28 14:01:27'),
(55, '480', 1, 4, 'App\\model\\purchase_invoice_h', 57, 1, '2020-10-28 14:02:50', '2020-10-28 14:02:50'),
(56, '480', NULL, NULL, 'App\\model\\purchase_invoice_h', 57, 1, '2020-10-28 14:02:50', '2020-10-28 14:02:50'),
(57, '480', 1, 4, 'App\\model\\purchase_invoice_h', 58, 1, '2020-10-28 14:02:59', '2020-10-28 14:02:59'),
(58, '480', NULL, NULL, 'App\\model\\purchase_invoice_h', 58, 1, '2020-10-28 14:02:59', '2020-10-28 14:02:59'),
(59, '480', 1, 4, 'App\\model\\purchase_invoice_h', 59, 1, '2020-10-28 14:03:28', '2020-10-28 14:03:28'),
(60, '480', NULL, NULL, 'App\\model\\purchase_invoice_h', 59, 1, '2020-10-28 14:03:29', '2020-10-28 14:03:29'),
(61, '480', 1, 4, 'App\\model\\purchase_invoice_h', 60, 1, '2020-10-28 14:03:39', '2020-10-28 14:03:39'),
(62, '480', NULL, NULL, 'App\\model\\purchase_invoice_h', 60, 1, '2020-10-28 14:03:39', '2020-10-28 14:03:39'),
(63, '480', 1, 4, 'App\\model\\purchase_invoice_h', 61, 1, '2020-10-28 14:04:21', '2020-10-28 14:04:21'),
(64, '480', NULL, NULL, 'App\\model\\purchase_invoice_h', 61, 1, '2020-10-28 14:04:21', '2020-10-28 14:04:21'),
(65, '480', 1, 4, 'App\\model\\purchase_invoice_h', 62, 1, '2020-10-28 14:04:32', '2020-10-28 14:04:32'),
(66, '480', NULL, NULL, 'App\\model\\purchase_invoice_h', 62, 1, '2020-10-28 14:04:32', '2020-10-28 14:04:32'),
(67, '480', 1, 4, 'App\\model\\purchase_invoice_h', 64, 1, '2020-10-28 14:09:44', '2020-10-28 14:09:44'),
(68, '480', NULL, NULL, 'App\\model\\purchase_invoice_h', 64, 1, '2020-10-28 14:09:44', '2020-10-28 14:09:44'),
(69, '480', 1, 4, 'App\\model\\purchase_invoice_h', 65, 1, '2020-10-28 14:09:52', '2020-10-28 14:09:52'),
(70, '480', NULL, NULL, 'App\\model\\purchase_invoice_h', 65, 1, '2020-10-28 14:09:52', '2020-10-28 14:09:52'),
(71, '5400', 1, 4, 'App\\model\\purchase_invoice_h', 66, 1, '2020-10-28 14:10:11', '2020-10-28 14:10:11'),
(72, '5400', NULL, NULL, 'App\\model\\purchase_invoice_h', 66, 1, '2020-10-28 14:10:11', '2020-10-28 14:10:11'),
(73, '6960', 1, 4, 'App\\model\\purchase_invoice_h', 67, 1, '2020-10-28 14:10:37', '2020-10-28 14:10:37'),
(74, '6960', NULL, NULL, 'App\\model\\purchase_invoice_h', 67, 1, '2020-10-28 14:10:37', '2020-10-28 14:10:37'),
(75, '6960', 1, 4, 'App\\model\\purchase_invoice_h', 68, 1, '2020-10-28 14:10:46', '2020-10-28 14:10:46'),
(76, '6960', NULL, NULL, 'App\\model\\purchase_invoice_h', 68, 1, '2020-10-28 14:10:46', '2020-10-28 14:10:46'),
(77, '3720', NULL, NULL, 'App\\Model\\sales_invoice_h', 44, 1, '2020-10-28 17:45:16', '2020-10-28 17:45:16'),
(78, '4831.5', NULL, NULL, 'App\\Model\\sales_invoice_h', 45, 1, '2020-10-29 08:13:23', '2020-10-29 08:13:23'),
(79, '450200', 1, 4, 'App\\Model\\purchase_invoice_h', 1, 1, '2020-10-30 05:49:43', '2020-10-30 05:49:43'),
(80, '15200', NULL, NULL, 'App\\Model\\sales_invoice_h', 48, 1, '2020-10-30 16:26:37', '2020-10-30 16:26:37'),
(81, '13520', NULL, NULL, 'App\\Model\\sales_invoice_h', 49, 1, '2020-10-30 17:17:43', '2020-10-30 17:17:43'),
(82, '13520', NULL, NULL, 'App\\Model\\sales_invoice_h', 50, 1, '2020-10-30 17:17:44', '2020-10-30 17:17:44'),
(83, '1200', NULL, NULL, 'App\\Model\\sales_invoice_h', 51, 1, '2020-10-30 20:40:17', '2020-10-30 20:40:17'),
(84, '1200', NULL, NULL, 'App\\Model\\sales_invoice_h', 52, 1, '2020-10-30 20:40:19', '2020-10-30 20:40:19'),
(85, '203.5', NULL, NULL, 'App\\Model\\sales_invoice_h', 53, 1, '2020-10-31 05:57:09', '2020-10-31 05:57:09'),
(86, '203.5', NULL, NULL, 'App\\Model\\sales_invoice_h', 54, 1, '2020-10-31 05:57:10', '2020-10-31 05:57:10'),
(87, '360', NULL, NULL, 'App\\Model\\sales_invoice_h', 55, 1, '2020-10-31 06:07:40', '2020-10-31 06:07:40'),
(88, '3240', NULL, NULL, 'App\\Model\\sales_invoice_h', 61, 1, '2020-11-01 11:07:06', '2020-11-01 11:07:06'),
(89, '2800', NULL, NULL, 'App\\Model\\sales_invoice_h', 62, 1, '2020-11-01 13:28:48', '2020-11-01 13:28:48'),
(90, '7000', 1, 4, 'App\\Model\\purchase_invoice_h', 2, 1, '2020-11-01 13:37:51', '2020-11-01 13:37:51'),
(91, '1855.5299999999997', 1, 4, 'App\\model\\purchase_invoice_h', 71, 1, '2020-11-01 13:40:30', '2020-11-01 13:40:30'),
(92, '1855.5299999999997', NULL, NULL, 'App\\model\\purchase_invoice_h', 71, 1, '2020-11-01 13:40:30', '2020-11-01 13:40:30'),
(93, '2720', NULL, NULL, 'App\\Model\\sales_invoice_h', 63, 1, '2020-11-03 17:44:43', '2020-11-03 17:44:43'),
(94, '1403.5', NULL, NULL, 'App\\Model\\sales_invoice_h', 64, 1, '2020-11-04 07:44:05', '2020-11-04 07:44:05'),
(95, '3200', NULL, NULL, 'App\\Model\\sales_invoice_h', 65, 1, '2020-11-04 08:39:12', '2020-11-04 08:39:12'),
(96, '150', 1, 4, 'App\\model\\purchase_invoice_h', 72, 1, '2020-11-04 08:39:45', '2020-11-04 08:39:45'),
(97, '150', NULL, NULL, 'App\\model\\purchase_invoice_h', 72, 1, '2020-11-04 08:39:45', '2020-11-04 08:39:45'),
(98, '200', NULL, NULL, 'App\\Model\\sales_invoice_h', 66, 1, '2020-11-10 04:40:34', '2020-11-10 04:40:34'),
(99, '200', NULL, NULL, 'App\\Model\\sales_invoice_h', 67, 1, '2020-11-10 04:41:06', '2020-11-10 04:41:06'),
(100, '200', NULL, NULL, 'App\\Model\\sales_invoice_h', 68, 1, '2020-11-10 04:41:32', '2020-11-10 04:41:32'),
(101, '200', NULL, NULL, 'App\\Model\\sales_invoice_h', 69, 1, '2020-11-10 04:41:53', '2020-11-10 04:41:53'),
(102, '200', NULL, NULL, 'App\\Model\\sales_invoice_h', 70, 1, '2020-11-10 04:53:39', '2020-11-10 04:53:39'),
(103, '440', NULL, NULL, 'App\\Model\\sales_invoice_h', 73, 1, '2020-11-10 09:50:12', '2020-11-10 09:50:12'),
(104, '200', NULL, NULL, 'App\\Model\\sales_invoice_h', 74, 1, '2020-11-10 09:55:00', '2020-11-10 09:55:00'),
(105, '9080', NULL, NULL, 'App\\Model\\sales_invoice_h', 75, 1, '2020-11-10 09:56:27', '2020-11-10 09:56:27'),
(106, '3650', 1, 4, 'App\\Model\\purchase_invoice_h', 73, 1, '2020-11-10 11:19:22', '2020-11-10 11:19:22'),
(107, '3650', NULL, NULL, 'App\\Model\\purchase_invoice_h', 73, 1, '2020-11-10 11:19:22', '2020-11-10 11:19:22'),
(108, '8855.3', 1, 4, 'App\\Model\\purchase_invoice_h', 74, 1, '2020-11-10 11:27:23', '2020-11-10 11:27:23'),
(109, '8855.3', NULL, NULL, 'App\\Model\\purchase_invoice_h', 74, 1, '2020-11-10 11:27:23', '2020-11-10 11:27:23'),
(110, '300', 1, 4, 'App\\Model\\purchase_invoice_h', 75, 1, '2020-11-11 16:13:06', '2020-11-11 16:13:06'),
(111, '300', NULL, NULL, 'App\\Model\\purchase_invoice_h', 75, 1, '2020-11-11 16:13:06', '2020-11-11 16:13:06'),
(112, '400', 1, 4, 'App\\Model\\purchase_invoice_h', 76, 1, '2020-11-11 16:13:57', '2020-11-11 16:13:57'),
(113, '400', NULL, NULL, 'App\\Model\\purchase_invoice_h', 76, 1, '2020-11-11 16:13:57', '2020-11-11 16:13:57'),
(114, '250', 1, 4, 'App\\Model\\purchase_invoice_h', 77, 1, '2020-11-11 16:15:49', '2020-11-11 16:15:49'),
(115, '250', NULL, NULL, 'App\\Model\\purchase_invoice_h', 77, 1, '2020-11-11 16:15:49', '2020-11-11 16:15:49'),
(116, '250', 1, 4, 'App\\Model\\purchase_invoice_h', 78, 1, '2020-11-11 16:16:00', '2020-11-11 16:16:00'),
(117, '250', NULL, NULL, 'App\\Model\\purchase_invoice_h', 78, 1, '2020-11-11 16:16:00', '2020-11-11 16:16:00'),
(118, '250', 1, 4, 'App\\Model\\purchase_invoice_h', 79, 1, '2020-11-11 16:16:57', '2020-11-11 16:16:57'),
(119, '250', NULL, NULL, 'App\\Model\\purchase_invoice_h', 79, 1, '2020-11-11 16:16:57', '2020-11-11 16:16:57'),
(120, '250', 1, 4, 'App\\Model\\purchase_invoice_h', 80, 1, '2020-11-11 16:17:16', '2020-11-11 16:17:16'),
(121, '250', NULL, NULL, 'App\\Model\\purchase_invoice_h', 80, 1, '2020-11-11 16:17:16', '2020-11-11 16:17:16'),
(122, '250', 1, 4, 'App\\Model\\purchase_invoice_h', 81, 1, '2020-11-11 16:17:38', '2020-11-11 16:17:38'),
(123, '250', NULL, NULL, 'App\\Model\\purchase_invoice_h', 81, 1, '2020-11-11 16:17:38', '2020-11-11 16:17:38'),
(124, '250', 1, 4, 'App\\Model\\purchase_invoice_h', 82, 1, '2020-11-11 16:18:14', '2020-11-11 16:18:14'),
(125, '250', NULL, NULL, 'App\\Model\\purchase_invoice_h', 82, 1, '2020-11-11 16:18:14', '2020-11-11 16:18:14'),
(126, '250', 1, 4, 'App\\Model\\purchase_invoice_h', 83, 1, '2020-11-11 16:19:15', '2020-11-11 16:19:15'),
(127, '250', NULL, NULL, 'App\\Model\\purchase_invoice_h', 83, 1, '2020-11-11 16:19:15', '2020-11-11 16:19:15'),
(128, '250', 1, 4, 'App\\Model\\purchase_invoice_h', 84, 1, '2020-11-11 16:19:59', '2020-11-11 16:19:59'),
(129, '250', NULL, NULL, 'App\\Model\\purchase_invoice_h', 84, 1, '2020-11-11 16:19:59', '2020-11-11 16:19:59'),
(130, '250', 1, 4, 'App\\Model\\purchase_invoice_h', 85, 1, '2020-11-11 16:20:20', '2020-11-11 16:20:20'),
(131, '250', NULL, NULL, 'App\\Model\\purchase_invoice_h', 85, 1, '2020-11-11 16:20:20', '2020-11-11 16:20:20'),
(132, '250', 1, 4, 'App\\Model\\purchase_invoice_h', 86, 1, '2020-11-11 16:20:30', '2020-11-11 16:20:30'),
(133, '250', NULL, NULL, 'App\\Model\\purchase_invoice_h', 86, 1, '2020-11-11 16:20:30', '2020-11-11 16:20:30'),
(134, '150', 1, 4, 'App\\Model\\purchase_invoice_h', 87, 1, '2020-11-11 16:22:02', '2020-11-11 16:22:02'),
(135, '150', NULL, NULL, 'App\\Model\\purchase_invoice_h', 87, 1, '2020-11-11 16:22:02', '2020-11-11 16:22:02'),
(136, '700', 1, 4, 'App\\Model\\purchase_invoice_h', 90, 1, '2020-11-11 16:25:50', '2020-11-11 16:25:50'),
(137, '700', NULL, NULL, 'App\\Model\\purchase_invoice_h', 90, 1, '2020-11-11 16:25:50', '2020-11-11 16:25:50'),
(138, '150', 1, 4, 'App\\Model\\purchase_invoice_h', 91, 1, '2020-11-11 16:27:16', '2020-11-11 16:27:16'),
(139, '150', NULL, NULL, 'App\\Model\\purchase_invoice_h', 91, 1, '2020-11-11 16:27:16', '2020-11-11 16:27:16'),
(140, '300', 1, 4, 'App\\Model\\purchase_invoice_h', 92, 1, '2020-11-11 17:23:45', '2020-11-11 17:23:45'),
(141, '300', NULL, NULL, 'App\\Model\\purchase_invoice_h', 92, 1, '2020-11-11 17:23:45', '2020-11-11 17:23:45'),
(142, '30000', 1, 4, 'App\\Model\\purchase_invoice_h', 93, 1, '2020-11-11 17:24:10', '2020-11-11 17:24:10'),
(143, '30000', NULL, NULL, 'App\\Model\\purchase_invoice_h', 93, 1, '2020-11-11 17:24:10', '2020-11-11 17:24:10'),
(144, '30000', 1, 4, 'App\\Model\\purchase_invoice_h', 94, 1, '2020-11-11 17:24:32', '2020-11-11 17:24:32'),
(145, '30000', NULL, NULL, 'App\\Model\\purchase_invoice_h', 94, 1, '2020-11-11 17:24:32', '2020-11-11 17:24:32'),
(146, '30000', 1, 4, 'App\\Model\\purchase_invoice_h', 95, 1, '2020-11-11 17:44:13', '2020-11-11 17:44:13'),
(147, '30000', NULL, NULL, 'App\\Model\\purchase_invoice_h', 95, 1, '2020-11-11 17:44:14', '2020-11-11 17:44:14'),
(148, '30000', 1, 4, 'App\\Model\\purchase_invoice_h', 96, 1, '2020-11-11 17:46:32', '2020-11-11 17:46:32'),
(149, '30000', NULL, NULL, 'App\\Model\\purchase_invoice_h', 96, 1, '2020-11-11 17:46:33', '2020-11-11 17:46:33'),
(150, '30000', 1, 4, 'App\\Model\\purchase_invoice_h', 97, 1, '2020-11-11 17:46:53', '2020-11-11 17:46:53'),
(151, '30000', NULL, NULL, 'App\\Model\\purchase_invoice_h', 97, 1, '2020-11-11 17:46:53', '2020-11-11 17:46:53'),
(152, '75000', 1, 4, 'App\\Model\\purchase_invoice_h', 98, 1, '2020-11-11 17:47:31', '2020-11-11 17:47:31'),
(153, '75000', NULL, NULL, 'App\\Model\\purchase_invoice_h', 98, 1, '2020-11-11 17:47:31', '2020-11-11 17:47:31'),
(154, '1250', NULL, NULL, 'App\\Model\\purchase_invoice_h', 99, 1, '2020-11-11 18:08:37', '2020-11-11 18:08:37'),
(155, '200', NULL, NULL, 'App\\Model\\sales_invoice_h', 76, 1, '2020-11-11 18:50:53', '2020-11-11 18:50:53'),
(156, '1840', NULL, NULL, 'App\\Model\\sales_invoice_h', 78, 1, '2020-11-11 19:30:26', '2020-11-11 19:30:26'),
(157, '20840', NULL, NULL, 'App\\Model\\sales_invoice_h', 79, 1, '2020-11-11 19:31:54', '2020-11-11 19:31:54'),
(158, '20840', NULL, NULL, 'App\\Model\\sales_invoice_h', 80, 1, '2020-11-11 19:33:47', '2020-11-11 19:33:47'),
(159, '20840', NULL, NULL, 'App\\Model\\sales_invoice_h', 81, 1, '2020-11-11 19:34:09', '2020-11-11 19:34:09'),
(160, '20840', NULL, NULL, 'App\\Model\\sales_invoice_h', 82, 1, '2020-11-11 19:35:08', '2020-11-11 19:35:08'),
(161, '20840', NULL, NULL, 'App\\Model\\sales_invoice_h', 83, 1, '2020-11-11 19:36:37', '2020-11-11 19:36:37'),
(162, '20000', NULL, NULL, 'App\\Model\\sales_invoice_h', 84, 1, '2020-11-11 19:38:21', '2020-11-11 19:38:21'),
(163, '20000', NULL, NULL, 'App\\Model\\sales_invoice_h', 85, 1, '2020-11-11 19:41:12', '2020-11-11 19:41:12'),
(164, '20000', NULL, NULL, 'App\\Model\\sales_invoice_h', 86, 1, '2020-11-11 19:41:32', '2020-11-11 19:41:32'),
(165, '20000', NULL, NULL, 'App\\Model\\sales_invoice_h', 87, 1, '2020-11-11 19:42:41', '2020-11-11 19:42:41'),
(166, '100000', NULL, NULL, 'App\\Model\\sales_invoice_h', 88, 1, '2020-11-11 19:43:09', '2020-11-11 19:43:09'),
(167, '4000', NULL, NULL, 'App\\Model\\sales_invoice_h', 89, 1, '2020-11-11 20:09:39', '2020-11-11 20:09:39'),
(168, '4000', NULL, NULL, 'App\\Model\\sales_invoice_h', 90, 1, '2020-11-11 20:10:36', '2020-11-11 20:10:36');

-- --------------------------------------------------------

--
-- Table structure for table `units`
--

CREATE TABLE `units` (
  `id` bigint(20) NOT NULL,
  `name` varchar(250) NOT NULL,
  `created_at` timestamp NOT NULL DEFAULT CURRENT_TIMESTAMP ON UPDATE CURRENT_TIMESTAMP,
  `updated_at` timestamp NOT NULL DEFAULT '0000-00-00 00:00:00' ON UPDATE CURRENT_TIMESTAMP
) ENGINE=InnoDB DEFAULT CHARSET=utf8;

--
-- Dumping data for table `units`
--

INSERT INTO `units` (`id`, `name`, `created_at`, `updated_at`) VALUES
(1, 'وحده', '2020-10-25 08:57:51', '2020-10-25 08:57:51');

-- --------------------------------------------------------

--
-- Table structure for table `users`
--

CREATE TABLE `users` (
  `id` bigint(20) UNSIGNED NOT NULL,
  `name` varchar(191) COLLATE utf8mb4_unicode_ci NOT NULL,
  `email` varchar(191) COLLATE utf8mb4_unicode_ci NOT NULL,
  `email_verified_at` timestamp NULL DEFAULT NULL,
  `password` varchar(191) COLLATE utf8mb4_unicode_ci NOT NULL,
  `remember_token` varchar(100) COLLATE utf8mb4_unicode_ci DEFAULT NULL,
  `status` int(11) NOT NULL DEFAULT '1',
  `created_at` timestamp NULL DEFAULT NULL,
  `updated_at` timestamp NULL DEFAULT NULL
) ENGINE=InnoDB DEFAULT CHARSET=utf8mb4 COLLATE=utf8mb4_unicode_ci;

--
-- Dumping data for table `users`
--

INSERT INTO `users` (`id`, `name`, `email`, `email_verified_at`, `password`, `remember_token`, `status`, `created_at`, `updated_at`) VALUES
(1, 'ahmed hmed', 'ahmed7med@gmail.com', NULL, '$2y$10$3ItmAdiD/3I8sF9qu.50y./VpxOoWI8sZw3czkkqj6HoD7sscyqlu', NULL, 1, NULL, '2020-10-21 05:38:30'),
(2, 'حمد يوسف', 'hmed@panda180.com', NULL, '$2y$10$W2CtP1tgedNhVQsx2TWTnuglHlDIJk7exLHMNrWwv40Dye9cM8Enu', NULL, 1, '2020-10-21 05:38:19', '2020-10-21 05:38:19');

-- --------------------------------------------------------

--
-- Table structure for table `vat`
--

CREATE TABLE `vat` (
  `id` int(11) NOT NULL,
  `vat` int(11) NOT NULL,
  `name` varchar(250) NOT NULL,
  `created_at` timestamp NOT NULL DEFAULT CURRENT_TIMESTAMP ON UPDATE CURRENT_TIMESTAMP,
  `updated_at` timestamp NOT NULL DEFAULT CURRENT_TIMESTAMP ON UPDATE CURRENT_TIMESTAMP
) ENGINE=InnoDB DEFAULT CHARSET=utf8;

--
-- Dumping data for table `vat`
--

INSERT INTO `vat` (`id`, `vat`, `name`, `created_at`, `updated_at`) VALUES
(1, 15, 'القيمه المضافه', '2020-11-07 08:05:37', '2020-11-07 08:05:37');

--
-- Indexes for dumped tables
--

--
-- Indexes for table `accounts`
--
ALTER TABLE `accounts`
  ADD PRIMARY KEY (`id`);

--
-- Indexes for table `categories`
--
ALTER TABLE `categories`
  ADD PRIMARY KEY (`id`);

--
-- Indexes for table `customers`
--
ALTER TABLE `customers`
  ADD PRIMARY KEY (`id`);

--
-- Indexes for table `failed_jobs`
--
ALTER TABLE `failed_jobs`
  ADD PRIMARY KEY (`id`);

--
-- Indexes for table `migrations`
--
ALTER TABLE `migrations`
  ADD PRIMARY KEY (`id`);

--
-- Indexes for table `password_resets`
--
ALTER TABLE `password_resets`
  ADD KEY `password_resets_email_index` (`email`);

--
-- Indexes for table `payment_methods`
--
ALTER TABLE `payment_methods`
  ADD PRIMARY KEY (`id`);

--
-- Indexes for table `products`
--
ALTER TABLE `products`
  ADD PRIMARY KEY (`id`);

--
-- Indexes for table `purchase_invoice_d`
--
ALTER TABLE `purchase_invoice_d`
  ADD PRIMARY KEY (`id`);

--
-- Indexes for table `purchase_invoice_h`
--
ALTER TABLE `purchase_invoice_h`
  ADD PRIMARY KEY (`id`);

--
-- Indexes for table `sales_invoice_d`
--
ALTER TABLE `sales_invoice_d`
  ADD PRIMARY KEY (`id`);

--
-- Indexes for table `sales_invoice_h`
--
ALTER TABLE `sales_invoice_h`
  ADD PRIMARY KEY (`id`);

--
-- Indexes for table `settings`
--
ALTER TABLE `settings`
  ADD PRIMARY KEY (`id`);

--
-- Indexes for table `stocks`
--
ALTER TABLE `stocks`
  ADD PRIMARY KEY (`id`);

--
-- Indexes for table `stock_products`
--
ALTER TABLE `stock_products`
  ADD PRIMARY KEY (`id`);

--
-- Indexes for table `suppliers`
--
ALTER TABLE `suppliers`
  ADD PRIMARY KEY (`id`);

--
-- Indexes for table `transactions`
--
ALTER TABLE `transactions`
  ADD PRIMARY KEY (`id`);

--
-- Indexes for table `units`
--
ALTER TABLE `units`
  ADD PRIMARY KEY (`id`);

--
-- Indexes for table `users`
--
ALTER TABLE `users`
  ADD PRIMARY KEY (`id`),
  ADD UNIQUE KEY `users_email_unique` (`email`);

--
-- Indexes for table `vat`
--
ALTER TABLE `vat`
  ADD PRIMARY KEY (`id`);

--
-- AUTO_INCREMENT for dumped tables
--

--
-- AUTO_INCREMENT for table `accounts`
--
ALTER TABLE `accounts`
  MODIFY `id` bigint(20) UNSIGNED NOT NULL AUTO_INCREMENT, AUTO_INCREMENT=6;

--
-- AUTO_INCREMENT for table `categories`
--
ALTER TABLE `categories`
  MODIFY `id` bigint(20) UNSIGNED NOT NULL AUTO_INCREMENT, AUTO_INCREMENT=7;

--
-- AUTO_INCREMENT for table `customers`
--
ALTER TABLE `customers`
  MODIFY `id` bigint(20) UNSIGNED NOT NULL AUTO_INCREMENT, AUTO_INCREMENT=6;

--
-- AUTO_INCREMENT for table `failed_jobs`
--
ALTER TABLE `failed_jobs`
  MODIFY `id` bigint(20) UNSIGNED NOT NULL AUTO_INCREMENT;

--
-- AUTO_INCREMENT for table `migrations`
--
ALTER TABLE `migrations`
  MODIFY `id` int(10) UNSIGNED NOT NULL AUTO_INCREMENT, AUTO_INCREMENT=15;

--
-- AUTO_INCREMENT for table `payment_methods`
--
ALTER TABLE `payment_methods`
  MODIFY `id` int(11) NOT NULL AUTO_INCREMENT, AUTO_INCREMENT=5;

--
-- AUTO_INCREMENT for table `products`
--
ALTER TABLE `products`
  MODIFY `id` bigint(20) UNSIGNED NOT NULL AUTO_INCREMENT, AUTO_INCREMENT=11;

--
-- AUTO_INCREMENT for table `purchase_invoice_d`
--
ALTER TABLE `purchase_invoice_d`
  MODIFY `id` bigint(20) UNSIGNED NOT NULL AUTO_INCREMENT, AUTO_INCREMENT=150;

--
-- AUTO_INCREMENT for table `purchase_invoice_h`
--
ALTER TABLE `purchase_invoice_h`
  MODIFY `id` bigint(20) UNSIGNED NOT NULL AUTO_INCREMENT, AUTO_INCREMENT=100;

--
-- AUTO_INCREMENT for table `sales_invoice_d`
--
ALTER TABLE `sales_invoice_d`
  MODIFY `id` bigint(20) NOT NULL AUTO_INCREMENT, AUTO_INCREMENT=161;

--
-- AUTO_INCREMENT for table `sales_invoice_h`
--
ALTER TABLE `sales_invoice_h`
  MODIFY `id` bigint(20) UNSIGNED NOT NULL AUTO_INCREMENT, AUTO_INCREMENT=91;

--
-- AUTO_INCREMENT for table `settings`
--
ALTER TABLE `settings`
  MODIFY `id` bigint(20) NOT NULL AUTO_INCREMENT, AUTO_INCREMENT=2;

--
-- AUTO_INCREMENT for table `stocks`
--
ALTER TABLE `stocks`
  MODIFY `id` bigint(20) UNSIGNED NOT NULL AUTO_INCREMENT, AUTO_INCREMENT=5;

--
-- AUTO_INCREMENT for table `stock_products`
--
ALTER TABLE `stock_products`
  MODIFY `id` bigint(20) NOT NULL AUTO_INCREMENT, AUTO_INCREMENT=17;

--
-- AUTO_INCREMENT for table `suppliers`
--
ALTER TABLE `suppliers`
  MODIFY `id` bigint(20) UNSIGNED NOT NULL AUTO_INCREMENT, AUTO_INCREMENT=7;

--
-- AUTO_INCREMENT for table `transactions`
--
ALTER TABLE `transactions`
  MODIFY `id` bigint(20) UNSIGNED NOT NULL AUTO_INCREMENT, AUTO_INCREMENT=169;

--
-- AUTO_INCREMENT for table `units`
--
ALTER TABLE `units`
  MODIFY `id` bigint(20) NOT NULL AUTO_INCREMENT, AUTO_INCREMENT=2;

--
-- AUTO_INCREMENT for table `users`
--
ALTER TABLE `users`
  MODIFY `id` bigint(20) UNSIGNED NOT NULL AUTO_INCREMENT, AUTO_INCREMENT=3;

--
-- AUTO_INCREMENT for table `vat`
--
ALTER TABLE `vat`
  MODIFY `id` int(11) NOT NULL AUTO_INCREMENT, AUTO_INCREMENT=2;
COMMIT;

/*!40101 SET CHARACTER_SET_CLIENT=@OLD_CHARACTER_SET_CLIENT */;
/*!40101 SET CHARACTER_SET_RESULTS=@OLD_CHARACTER_SET_RESULTS */;
/*!40101 SET COLLATION_CONNECTION=@OLD_COLLATION_CONNECTION */;
